employee_id,first_name,last_name,salary,hire_date,department_id,manager_id
1,Phillip,Ewing,58989.3,2018-03-11,18,
2,Taylor,Adkins,99758.78,2016-05-01,21,1.0
3,Annette,Gray,97506.17,2019-08-05,35,1.0
4,Katherine,Freeman,65984.48,2021-12-27,26,
5,Julie,Perkins,106226.26,2015-09-18,36,1.0
6,Monica,Gallegos,117228.47,2023-08-06,5,5.0
7,Victoria,Zamora,30055.0,2019-06-18,47,5.0
8,Kelly,Maldonado,37741.5,2017-01-23,3,4.0
9,Sherry,Lloyd,70350.62,2018-06-26,42,3.0
10,Lauren,Patel,65998.53,2015-10-21,44,
11,Mitchell,Moody,88798.46,2021-01-28,30,10.0
12,Brittany,Reeves,44876.27,2023-03-25,40,11.0
13,Reginald,Cox,94932.77,2024-03-25,37,9.0
14,Johnny,Christensen,39537.01,2018-10-23,25,7.0
15,Clarence,Ramirez,47211.12,2025-07-28,34,3.0
16,Roberto,Castro,55830.0,2023-09-28,24,7.0
17,Darren,Mcintosh,32049.11,2016-10-03,24,12.0
18,Jonathan,Johnston,42404.86,2018-05-05,31,4.0
19,Mary,Frank,110141.9,2020-07-18,42,7.0
20,Anita,Travis,61715.48,2021-01-14,45,16.0
21,Wesley,Rodriguez,47731.08,2024-08-30,7,6.0
22,Jessica,Salas,78429.27,2018-08-03,23,9.0
23,Travis,Miller,48480.12,2024-07-10,36,14.0
24,Andrea,Smith,47420.57,2021-02-14,12,14.0
25,Jamie,Martin,39716.22,2020-07-24,4,6.0
26,Christine,Harris,69759.49,2024-04-03,48,21.0
27,Scott,Maynard,72021.0,2016-11-06,16,22.0
28,Tracy,Mendoza,70860.8,2022-11-28,49,14.0
29,Ray,Brown,46246.67,2020-07-08,25,7.0
30,Rebecca,Wright,77454.34,2016-08-28,18,10.0
31,Kimberly,Brooks,64164.44,2017-11-26,2,11.0
32,Keith,Bradley,113658.82,2020-11-14,5,16.0
33,Matthew,Larson,55170.15,2024-02-22,22,5.0
34,Nicholas,Hamilton,88679.61,2020-07-07,16,21.0
35,Crystal,Baird,90476.99,2016-12-16,36,24.0
36,Patrick,Moore,59045.0,2019-10-14,48,5.0
37,Eric,Tate,40625.86,2018-04-24,21,9.0
38,Rebecca,Robinson,80652.19,2025-05-27,50,37.0
39,Jonathan,Chavez,91697.95,2024-02-27,1,27.0
40,Mary,Foster,66724.23,2021-02-20,36,16.0
41,James,Hicks,43044.25,2022-01-20,37,25.0
42,Tammy,Lewis,54664.99,2020-04-27,16,1.0
43,Anthony,Perez,59406.04,2020-08-04,50,16.0
44,Kimberly,May,96466.79,2015-12-08,13,35.0
45,Monica,Walker,90213.11,2022-06-11,21,22.0
46,James,Garrett,116298.97,2023-12-26,1,25.0
47,Brian,Baker,44222.14,2017-06-24,9,2.0
48,Michael,Rice,43627.62,2017-03-26,13,
49,Amy,Palmer,91079.41,2022-07-22,10,30.0
50,Stephen,Dickson,110494.8,2016-12-21,28,26.0
51,Daniel,Davis,66952.95,2016-10-26,35,29.0
52,Greg,Simmons,64551.96,2020-01-13,34,12.0
53,Chelsea,Sampson,113942.67,2016-01-05,11,35.0
54,Tina,Hernandez,88311.08,2016-01-22,47,49.0
55,Michael,Sweeney,88195.72,2021-08-10,49,39.0
56,Jon,Burns,103544.64,2023-07-12,11,17.0
57,Leslie,Carter,117229.98,2018-06-26,40,2.0
58,Eric,Gardner,90246.4,2020-09-01,20,46.0
59,John,Irwin,68686.94,2020-06-28,39,39.0
60,Lance,Walker,34830.49,2023-11-24,26,26.0
61,Nicole,Porter,44004.58,2020-10-19,29,47.0
62,Heather,Allen,32093.13,2016-04-28,4,18.0
63,Mike,Robinson,41830.61,2022-04-03,48,23.0
64,Gregory,Taylor,106883.44,2025-06-14,38,11.0
65,Katrina,Wilson,71778.97,2022-04-19,46,23.0
66,Joseph,Collier,75340.77,2020-03-08,26,45.0
67,Evelyn,Jones,98754.83,2021-08-28,24,62.0
68,Michael,Bass,71398.94,2025-08-02,46,46.0
69,Nicole,Cruz,68992.93,2020-06-20,37,61.0
70,Brittany,Osborne,64517.91,2024-04-26,43,27.0
71,Wendy,Stone,62256.47,2016-07-31,23,59.0
72,Brenda,Orr,65483.88,2022-08-24,36,16.0
73,Melody,Miller,64545.85,2022-08-25,22,10.0
74,Patricia,Lozano,90143.83,2015-09-26,29,
75,Donna,Salazar,50330.24,2023-07-21,14,16.0
76,Charles,Cole,68798.35,2021-06-28,48,69.0
77,Gregory,Mckay,79426.42,2025-01-25,24,9.0
78,Sharon,Smith,90958.26,2021-09-09,9,17.0
79,Susan,Adams,111813.92,2016-06-10,39,68.0
80,Leonard,Jones,115090.36,2021-12-05,47,44.0
81,Anthony,Meadows,102632.45,2018-03-12,17,32.0
82,Sara,Doyle,64719.82,2022-12-19,7,5.0
83,Oscar,Chaney,75372.27,2022-12-08,19,70.0
84,Shawn,Miller,96333.68,2022-10-17,27,40.0
85,Emily,Hoffman,87879.24,2021-01-13,27,32.0
86,Tyler,Lee,101907.74,2017-12-19,16,70.0
87,Craig,Reyes,90801.18,2018-08-12,7,37.0
88,Tammy,Duran,98396.22,2020-01-25,12,32.0
89,Todd,Nicholson,58896.2,2019-01-02,6,88.0
90,Nathan,Garcia,101937.97,2021-03-18,40,39.0
91,Andrea,Rose,59147.9,2016-04-07,38,38.0
92,Anthony,Black,40896.59,2025-04-04,44,18.0
93,Lawrence,Armstrong,90998.44,2022-09-05,3,40.0
94,Ashley,Smith,81583.03,2016-08-10,26,2.0
95,George,Hurley,55174.75,2019-10-28,7,66.0
96,Donna,Wheeler,30586.12,2021-02-07,45,7.0
97,Daniel,Ramirez,96567.4,2020-01-03,44,39.0
98,Jonathan,Castro,101034.66,2022-10-15,26,
99,Benjamin,Ramos,39264.27,2024-01-04,43,96.0
100,Samantha,May,93805.04,2023-08-26,23,75.0
101,Elizabeth,Gonzalez,117967.43,2017-09-14,13,1.0
102,Kyle,Coleman,47198.48,2022-04-10,5,50.0
103,Stacie,Howell,87827.63,2019-01-10,6,23.0
104,James,Kennedy,60666.38,2017-10-29,46,88.0
105,Alexander,Boone,105532.23,2020-11-17,28,27.0
106,Rebecca,Miles,109332.42,2016-10-27,40,97.0
107,Craig,Johnson,32337.11,2023-06-10,42,41.0
108,Rodney,Moore,115969.65,2020-11-05,38,72.0
109,Cindy,Coleman,54500.35,2017-06-15,9,43.0
110,Charles,Esparza,39936.57,2020-12-21,25,96.0
111,Rachel,Cain,46254.27,2023-05-13,36,57.0
112,Benjamin,Olson,56220.01,2024-05-29,9,69.0
113,Brenda,Cobb,55215.63,2016-03-18,37,66.0
114,Dawn,Simmons,33628.1,2019-05-28,13,109.0
115,Justin,Maldonado,41476.62,2019-12-23,31,31.0
116,Kevin,Black,71803.4,2025-08-11,17,32.0
117,Katrina,Roach,108727.74,2022-09-07,38,108.0
118,Alexis,Miller,33262.62,2016-09-23,48,100.0
119,Mark,Banks,119586.28,2022-01-09,19,87.0
120,Angela,Johnson,38030.39,2018-09-02,43,44.0
121,Allen,Lucas,92942.36,2022-02-07,37,15.0
122,Amanda,James,117842.6,2021-05-24,45,19.0
123,Tara,Cortez,86154.21,2018-04-17,46,24.0
124,Jessica,Fletcher,57355.46,2022-02-17,10,86.0
125,Nathaniel,Robertson,98785.62,2018-01-24,39,40.0
126,Michelle,Elliott,116659.27,2017-11-13,16,
127,Christopher,Cole,84588.26,2025-03-26,31,25.0
128,Rachel,Fischer,98966.56,2023-11-11,16,28.0
129,Jon,Mcbride,72889.37,2024-01-20,30,
130,Melissa,Garrett,68902.54,2023-01-26,20,51.0
131,Jerry,Adams,63605.9,2023-06-10,33,39.0
132,Beverly,Kennedy,114082.13,2016-09-17,40,115.0
133,Tammy,Harris,60829.65,2022-09-06,37,125.0
134,Timothy,Krause,40884.51,2024-01-20,22,11.0
135,David,Mcgee,49689.01,2020-03-11,41,70.0
136,James,Nelson,39885.74,2022-08-14,35,53.0
137,Cody,Butler,100899.53,2020-12-03,13,41.0
138,Meghan,Walsh,81049.71,2025-01-23,43,55.0
139,Marilyn,Wilkinson,99110.72,2020-12-01,49,134.0
140,Robert,Woods,50410.0,2016-11-08,21,29.0
141,Cristian,Robinson,58726.82,2021-09-06,49,138.0
142,Rachel,Gilbert,53372.16,2022-01-26,33,76.0
143,Ray,Lawson,102925.88,2020-01-03,9,61.0
144,Maureen,Chapman,87778.64,2024-11-17,11,106.0
145,Colleen,Villarreal,114913.15,2016-01-08,49,29.0
146,Henry,Parker,36849.4,2022-07-11,16,138.0
147,Steve,Shaw,103579.48,2025-02-07,40,19.0
148,Tiffany,Gonzalez,114876.07,2022-10-26,34,109.0
149,Kristen,Martin,117084.32,2023-01-26,28,88.0
150,Joshua,Robinson,95389.56,2023-08-19,45,
151,Joan,Preston,78610.09,2025-02-26,34,35.0
152,Carlos,Lutz,66144.83,2024-03-16,4,120.0
153,Samantha,Ramirez,91638.12,2023-09-12,7,27.0
154,Margaret,Bowman,89725.23,2020-09-05,4,120.0
155,Michael,Wright,99226.84,2017-09-30,33,135.0
156,Joseph,Garrett,86616.65,2022-11-14,26,48.0
157,Derrick,Cook,88891.02,2021-12-08,5,128.0
158,Tyler,Rodriguez,88700.69,2015-09-15,19,108.0
159,Leonard,Thomas,79100.56,2020-07-03,1,38.0
160,Jeremy,Green,31315.66,2023-10-13,13,10.0
161,Cathy,Roy,107254.3,2023-10-29,4,103.0
162,Jennifer,Watkins,33111.89,2022-04-22,31,9.0
163,Cynthia,Johnson,67193.02,2021-03-20,39,113.0
164,Henry,Austin,93379.86,2023-03-15,25,114.0
165,Kyle,Pennington,67127.26,2022-07-23,48,153.0
166,Matthew,Jones,73590.92,2015-10-21,28,52.0
167,Cesar,Davidson,35087.12,2024-03-20,50,40.0
168,James,Smith,110860.39,2016-06-18,2,24.0
169,Jessica,Shaw,51858.49,2018-02-02,2,36.0
170,Joshua,Kim,67276.93,2022-10-08,25,24.0
171,Elizabeth,Ramirez,86442.08,2020-06-03,15,137.0
172,Nicole,Nelson,48761.64,2019-11-19,12,166.0
173,Jesse,Garcia,51972.49,2023-01-26,5,17.0
174,Brent,Hill,79922.25,2015-11-09,43,25.0
175,April,Park,74444.92,2019-10-11,2,77.0
176,Alex,Terrell,35932.13,2016-01-31,36,48.0
177,Andrew,Jones,113522.69,2020-10-02,31,30.0
178,Bryce,Klein,50595.19,2021-05-15,25,100.0
179,Tracey,Phillips,114647.99,2025-05-24,20,91.0
180,Crystal,Clark,113720.93,2025-07-23,6,130.0
181,Christine,Nelson,84540.83,2021-12-13,14,106.0
182,Nancy,Thompson,42524.21,2019-01-16,33,27.0
183,Danielle,Alexander,118102.25,2024-07-23,43,9.0
184,Gary,Walker,87216.53,2017-01-30,13,123.0
185,Sara,Baker,94529.51,2016-12-31,44,47.0
186,Benjamin,Bright,112967.15,2025-02-20,29,40.0
187,Jaime,Bray,119078.61,2018-03-01,10,170.0
188,Andrea,Thomas,71500.43,2023-04-02,39,29.0
189,Jennifer,Schwartz,114741.81,2016-07-02,1,164.0
190,Michael,Kemp,96616.25,2025-03-29,17,156.0
191,Bruce,Henderson,78807.11,2022-03-29,41,114.0
192,Cheyenne,Leonard,56159.64,2015-12-07,29,39.0
193,Betty,Becker,40396.46,2019-12-14,40,135.0
194,Rodney,Fitzgerald,68416.75,2016-11-19,11,151.0
195,Dakota,Buck,55069.75,2020-03-24,33,62.0
196,April,Holloway,47610.44,2018-08-27,34,153.0
197,Barbara,Duarte,88892.64,2023-12-29,35,126.0
198,Sherry,Carpenter,96886.52,2023-08-10,24,119.0
199,Peter,Mccarthy,44048.83,2022-09-03,38,178.0
200,Barbara,Sanchez,119971.28,2018-06-15,45,162.0
201,Leon,Scott,109412.92,2024-03-09,33,36.0
202,Morgan,Moore,101446.79,2018-09-25,9,2.0
203,Kimberly,Vargas,31030.35,2018-10-02,17,126.0
204,William,Nixon,57224.96,2016-10-17,14,82.0
205,Michael,Boyer,32830.02,2019-11-16,1,185.0
206,Anthony,Schmidt,53244.57,2020-04-10,6,66.0
207,Christian,Peterson,34181.9,2022-09-24,30,85.0
208,Kim,Ortiz,32531.94,2016-02-11,47,187.0
209,Sharon,Klein,75948.02,2019-06-14,17,32.0
210,Karen,Garcia,97811.69,2020-04-05,3,99.0
211,Steven,Gray,85075.25,2016-09-08,32,3.0
212,Lindsay,Dean,46170.46,2021-12-16,35,19.0
213,Rachel,Mckinney,107427.36,2024-10-02,36,160.0
214,Aaron,Carroll,112058.86,2022-11-11,42,146.0
215,Katie,Hopkins,77500.67,2019-01-17,40,166.0
216,Patricia,Pena,91443.91,2018-05-24,29,27.0
217,Lauren,Fuller,84929.55,2019-06-23,40,52.0
218,David,Robinson,80189.86,2020-03-15,23,208.0
219,Alexandra,Wilson,74591.76,2019-11-20,2,45.0
220,Sarah,Middleton,62804.61,2022-05-07,29,211.0
221,Jeremiah,Hodges,33632.38,2017-09-11,16,3.0
222,Corey,Costa,31675.77,2018-02-14,47,99.0
223,Brett,Hill,85419.46,2025-04-19,14,42.0
224,Jason,Edwards,70344.06,2025-07-26,14,139.0
225,Tiffany,Stone,45456.17,2016-03-04,37,162.0
226,Fred,Johnson,70350.46,2018-11-29,49,194.0
227,Jeffrey,Smith,119704.18,2025-06-16,46,108.0
228,Michael,Fleming,88302.24,2017-09-04,42,58.0
229,Dennis,Gordon,116173.07,2023-07-01,14,41.0
230,Barbara,Vasquez,118795.33,2023-12-07,30,96.0
231,Tommy,Williams,50828.18,2017-08-14,42,30.0
232,Elaine,Martinez,101182.45,2017-01-11,24,42.0
233,Amy,Robinson,113927.17,2021-06-10,22,229.0
234,Kathleen,Alexander,104315.24,2024-01-08,12,91.0
235,Chase,Fox,49925.52,2022-08-02,39,126.0
236,Michael,Mcdonald,61903.1,2018-04-25,7,169.0
237,Micheal,Rasmussen,118126.1,2017-10-14,9,31.0
238,Amber,Hendrix,104087.49,2022-05-03,25,189.0
239,Elizabeth,Montgomery,106165.93,2020-07-23,42,19.0
240,Richard,Smith,114025.81,2017-05-28,15,12.0
241,Anne,Jenkins,54981.16,2016-12-03,21,236.0
242,Wanda,Mcclain,36024.66,2023-09-06,5,91.0
243,Luke,Edwards,97165.65,2024-09-06,48,233.0
244,Shelley,Gordon,67100.98,2021-08-01,25,71.0
245,Angela,Mccoy,80433.64,2023-04-17,36,97.0
246,Carrie,Cline,80936.92,2023-09-14,8,62.0
247,Catherine,Tyler,53153.18,2024-09-16,12,101.0
248,Jacob,Huynh,98306.57,2022-12-20,4,49.0
249,Phyllis,Navarro,35341.99,2024-04-19,50,136.0
250,Kyle,Wilson,97668.42,2021-10-14,8,211.0
251,Nicholas,Bass,65822.99,2021-12-18,22,174.0
252,Rebecca,Stokes,56403.68,2023-10-22,16,167.0
253,Kimberly,Grimes,113033.08,2020-01-24,50,62.0
254,Mark,Villegas,66513.68,2017-06-18,26,247.0
255,Lisa,Hunt,94324.16,2021-02-25,11,75.0
256,Matthew,Benson,110507.76,2024-08-21,4,74.0
257,Cassandra,Castillo,94958.02,2016-08-24,5,120.0
258,Danny,Peterson,34513.66,2018-02-16,36,195.0
259,Ashley,Townsend,37006.74,2024-04-07,30,205.0
260,Heather,Lloyd,45400.07,2019-01-09,19,84.0
261,Christine,Gonzales,116477.84,2017-06-03,4,63.0
262,Thomas,Jensen,70602.0,2022-03-29,22,137.0
263,Joseph,Harmon,105416.27,2020-03-21,26,74.0
264,Anthony,Duran,96479.0,2020-09-27,25,76.0
265,Cassandra,Morton,106093.4,2025-08-25,6,239.0
266,Rodney,Abbott,32500.06,2025-03-21,13,13.0
267,Sherri,Johnson,97189.55,2016-03-02,50,99.0
268,Kristina,Christensen,72378.98,2020-09-08,26,118.0
269,John,Stewart,58129.29,2015-12-11,33,228.0
270,Deborah,Hill,103822.47,2017-04-02,47,69.0
271,Melissa,Savage,84119.21,2025-05-06,35,14.0
272,Andrew,Benson,68721.96,2021-05-21,43,167.0
273,Katherine,Figueroa,35505.77,2018-02-10,20,176.0
274,Patrick,Chen,70553.55,2025-06-23,40,208.0
275,Jaime,Hayes,43187.93,2023-04-29,2,263.0
276,Melissa,Hunt,109297.19,2019-10-24,1,168.0
277,Daniel,Lee,74287.34,2019-04-13,18,71.0
278,Jeremy,Morgan,105278.26,2018-01-28,31,116.0
279,Joyce,Sanchez,34565.43,2023-05-01,13,249.0
280,Samantha,Kaiser,52634.06,2016-07-13,4,189.0
281,Mario,Ramirez,117620.45,2023-05-30,49,17.0
282,Jeremy,Page,84783.8,2022-12-06,12,132.0
283,Cody,Mccall,72008.71,2016-04-22,28,94.0
284,Michelle,Medina,44697.3,2018-12-11,40,21.0
285,Kari,Patton,85490.21,2020-12-11,31,56.0
286,Thomas,Hamilton,80710.4,2025-07-26,21,90.0
287,Tracy,Bautista,40257.64,2022-04-23,46,10.0
288,Angela,Smith,101619.9,2017-06-26,39,20.0
289,Joy,Brown,32869.95,2023-04-17,13,10.0
290,Melissa,Cross,107786.43,2016-10-12,42,285.0
291,Deborah,Suarez,57189.66,2019-12-20,48,167.0
292,Jennifer,Deleon,62095.86,2018-02-22,12,1.0
293,Laura,Morris,53673.38,2016-10-28,16,195.0
294,Suzanne,Matthews,96464.54,2023-04-12,37,99.0
295,Lee,Huffman,58929.74,2016-10-27,8,160.0
296,Jessica,Gutierrez,113412.6,2018-10-09,48,103.0
297,Kendra,Stone,30984.69,2016-04-23,29,124.0
298,Elizabeth,Davenport,108477.67,2018-06-02,32,5.0
299,Kenneth,Moore,44715.91,2017-08-20,30,99.0
300,Rose,Hunter,66831.39,2023-09-24,10,284.0
301,Linda,Jackson,90638.46,2016-02-14,21,211.0
302,Leah,Reed,90009.06,2024-06-14,47,120.0
303,Sandra,Herman,105752.88,2015-11-21,36,98.0
304,Raymond,Bishop,116316.42,2022-12-04,33,137.0
305,Cody,Walters,92393.73,2023-08-25,32,207.0
306,Anthony,Sanchez,119169.87,2018-10-08,38,111.0
307,Barbara,May,94653.64,2021-02-18,11,217.0
308,Gerald,Washington,86926.28,2020-12-21,20,140.0
309,Laura,Smith,59167.66,2020-01-07,35,5.0
310,Catherine,Dennis,55346.55,2016-08-10,19,189.0
311,Melissa,Lopez,87893.93,2017-11-30,50,284.0
312,Hector,Baird,64079.08,2023-03-10,1,233.0
313,Theresa,Cherry,60463.43,2025-01-30,16,178.0
314,Maria,Butler,98454.36,2016-05-06,38,219.0
315,Anna,Fleming,31401.93,2019-01-14,35,177.0
316,Courtney,Mitchell,105650.48,2017-08-18,37,308.0
317,Kellie,Martinez,30143.95,2020-09-13,50,48.0
318,Michael,White,111879.0,2018-06-21,5,31.0
319,Matthew,Mason,110487.66,2016-08-19,1,297.0
320,David,Day,87605.36,2020-10-05,36,175.0
321,Isaac,Clay,111272.07,2016-05-31,41,15.0
322,Jim,Hernandez,97838.26,2017-05-14,21,1.0
323,Brandon,Ramirez,64163.4,2017-12-21,13,26.0
324,Hannah,Prince,87507.52,2021-04-10,11,4.0
325,Kristina,Terry,104428.64,2017-12-07,37,279.0
326,Michele,Hudson,105661.67,2021-04-05,31,264.0
327,David,Page,65545.22,2021-01-14,50,82.0
328,Tracy,Turner,81326.99,2022-07-02,46,287.0
329,Lawrence,Jordan,68017.08,2024-07-02,37,110.0
330,Lauren,Chandler,104735.46,2019-05-11,41,321.0
331,Sherry,Brown,99354.33,2021-01-07,24,151.0
332,Lindsey,Anderson,93712.36,2019-08-22,14,51.0
333,Rebecca,Cook,65545.52,2024-04-13,49,11.0
334,Michael,Brooks,76530.78,2023-05-19,24,217.0
335,Matthew,Torres,90423.58,2018-05-17,31,217.0
336,Jason,Pierce,99108.87,2018-03-31,29,193.0
337,Karla,Perez,119242.11,2017-10-29,38,188.0
338,Laura,Zhang,46468.84,2018-02-04,26,156.0
339,Dana,Mckee,95325.31,2025-06-21,34,179.0
340,Lynn,Bishop,90761.61,2021-01-27,38,29.0
341,Lindsey,Kim,52309.99,2015-11-05,31,127.0
342,Scott,Jones,91787.24,2021-09-20,14,340.0
343,Melanie,Vargas,75541.73,2022-09-19,6,206.0
344,Rachel,Kennedy,63029.22,2022-10-09,32,26.0
345,Amanda,Smith,42281.71,2016-09-09,35,169.0
346,Nicole,Hopkins,72094.47,2017-12-05,1,206.0
347,Jamie,Hess,114339.35,2020-01-17,9,248.0
348,Eric,Campbell,76505.17,2023-10-25,49,137.0
349,Nicole,Cole,30753.9,2021-11-16,39,59.0
350,Hunter,Medina,98157.03,2022-11-01,34,279.0
351,Ronald,Burton,112613.27,2023-01-31,14,165.0
352,Jessica,Ramos,65331.38,2019-09-09,49,159.0
353,Laura,Smith,85337.57,2019-05-22,24,19.0
354,Brittany,Cuevas,56491.12,2019-05-13,17,331.0
355,Bradley,Valencia,75547.53,2022-10-12,30,161.0
356,Derrick,Patel,48406.14,2016-07-17,20,348.0
357,Andrew,Simmons,81663.49,2019-01-22,23,71.0
358,Kristopher,Clark,51698.76,2019-08-14,46,347.0
359,Mary,Hopkins,58058.52,2023-11-18,31,45.0
360,Valerie,Carter,82917.87,2024-01-30,30,115.0
361,Heather,Guzman,64443.87,2018-03-01,29,347.0
362,Nicole,Mann,86553.69,2019-03-06,8,18.0
363,Michelle,Gallegos,40243.25,2018-05-11,17,319.0
364,Caroline,Martin,88311.87,2021-06-10,36,268.0
365,Linda,Cook,116271.46,2023-09-12,5,317.0
366,Christina,White,93240.44,2016-06-22,49,6.0
367,Oscar,Hernandez,63166.43,2021-06-16,37,211.0
368,Erika,Tran,117345.83,2021-03-19,9,29.0
369,Gregory,Russell,115307.35,2021-07-22,47,118.0
370,Ryan,Lamb,30428.15,2018-08-10,50,83.0
371,Sherri,Hansen,40242.06,2017-09-01,21,93.0
372,Matthew,Figueroa,89427.86,2019-10-06,46,216.0
373,Kristen,Hendrix,90517.56,2016-09-07,43,138.0
374,Amanda,Carrillo,67505.16,2024-04-26,46,225.0
375,Beth,Jordan,113422.89,2024-08-31,21,273.0
376,Christina,Hernandez,37113.47,2020-08-14,14,54.0
377,John,Thomas,85899.93,2017-11-07,32,172.0
378,Suzanne,Torres,117065.24,2015-11-20,20,89.0
379,Renee,Hays,41899.63,2023-02-11,27,13.0
380,Kelly,Christensen,59943.63,2022-09-17,17,183.0
381,Timothy,Cameron,81245.54,2018-05-13,6,190.0
382,Timothy,Nunez,69192.1,2018-03-15,8,111.0
383,Krystal,Mckinney,105505.67,2016-08-09,18,278.0
384,Dana,Hudson,47010.61,2023-11-13,48,357.0
385,Eddie,Good,97004.99,2015-10-23,43,124.0
386,Jill,Osborn,97564.5,2019-03-20,39,11.0
387,Leslie,Richardson,67144.23,2021-10-22,15,156.0
388,Holly,Park,92514.71,2021-05-02,6,277.0
389,Brandon,Price,97110.6,2025-03-27,30,317.0
390,Luke,Lyons,69175.67,2018-05-13,39,332.0
391,Jennifer,Gutierrez,112837.26,2023-01-26,33,247.0
392,Wayne,Mora,30057.12,2024-11-26,18,25.0
393,Kenneth,Miller,57870.24,2021-07-15,6,78.0
394,Jacob,Brandt,49955.91,2016-10-11,2,246.0
395,Seth,Mckinney,32442.33,2017-12-19,48,134.0
396,Shelia,Rodriguez,117118.41,2025-01-05,37,261.0
397,Stephanie,Lee,100304.94,2024-03-04,16,269.0
398,Ashley,Morgan,78503.66,2020-02-15,2,101.0
399,Michael,Maxwell,91396.16,2016-06-06,27,325.0
400,Erin,Harris,69343.02,2020-03-11,46,64.0
401,Aaron,Smith,62082.39,2016-10-02,28,263.0
402,Marie,Jordan,92193.44,2021-06-07,32,90.0
403,Erin,Booker,66652.02,2025-05-14,32,354.0
404,Tammy,Sloan,98555.29,2020-10-27,16,126.0
405,Kenneth,Goodman,39090.18,2023-09-14,47,334.0
406,Jeffrey,Rice,97125.65,2016-02-28,47,70.0
407,Aaron,Alexander,94702.75,2018-04-10,30,311.0
408,David,Vargas,94788.0,2016-05-20,24,26.0
409,Ann,Blackburn,115875.94,2020-12-18,24,204.0
410,Derrick,Sanchez,92040.1,2018-06-11,21,310.0
411,Melissa,Herring,35885.72,2022-12-29,24,66.0
412,Steven,Davis,65515.01,2016-08-25,34,128.0
413,Juan,Gregory,117730.49,2018-11-27,5,164.0
414,Juan,Holt,114810.47,2016-05-26,32,140.0
415,Amanda,Nguyen,104979.85,2016-01-06,42,92.0
416,Sandra,Dominguez,50079.85,2021-03-15,2,165.0
417,Alex,Martinez,94126.95,2018-03-22,13,59.0
418,Matthew,Mitchell,71814.58,2017-06-05,27,359.0
419,Christian,Cross,57235.28,2023-08-24,9,302.0
420,Lisa,Parker,118752.5,2022-12-24,36,204.0
421,Kristina,Lee,53893.06,2023-05-23,6,390.0
422,Karen,Carlson,35646.55,2023-07-07,31,149.0
423,Eric,Brown,49384.83,2017-12-16,27,405.0
424,Alisha,Lee,69397.93,2020-04-11,7,194.0
425,Maria,Silva,32343.54,2025-08-07,44,407.0
426,Stacey,Butler,47978.4,2019-10-14,8,19.0
427,Mary,Johnston,45253.04,2021-05-17,29,12.0
428,Nicole,Sanchez,76084.01,2024-11-25,42,394.0
429,Gregory,Higgins,79716.8,2017-06-06,29,195.0
430,Melissa,Williams,108054.82,2019-04-26,3,382.0
431,Kelly,Martin,102584.07,2018-07-10,28,331.0
432,Adam,Jones,46059.95,2017-03-27,47,244.0
433,Nancy,Pittman,50407.1,2018-02-27,27,290.0
434,Rhonda,Gray,47425.32,2021-01-10,16,170.0
435,Robert,Yu,32573.41,2016-12-31,31,75.0
436,Joshua,Reyes,51095.75,2017-02-14,43,50.0
437,Michelle,Cook,36826.69,2024-10-28,33,232.0
438,Beth,Fuentes,40534.19,2020-11-18,5,205.0
439,James,Murphy,88443.08,2020-07-05,11,86.0
440,Christine,Campbell,118259.24,2023-08-26,4,389.0
441,Amanda,Duffy,107000.17,2023-10-29,38,190.0
442,Hannah,Dixon,45880.3,2021-11-27,8,164.0
443,Jonathan,Fleming,52418.41,2017-08-22,20,435.0
444,Tammy,Rivera,96097.92,2018-09-21,35,407.0
445,Maria,Jones,49471.49,2022-12-29,47,295.0
446,April,Hays,98845.09,2025-03-11,8,51.0
447,Gavin,Bates,71554.46,2023-04-13,17,123.0
448,Jeffrey,Williams,39824.55,2020-04-18,18,230.0
449,April,Atkins,91070.09,2023-01-19,19,12.0
450,Julie,Huynh,100389.64,2016-11-25,37,112.0
451,Julie,Carpenter,85786.35,2018-08-25,45,234.0
452,Julie,Dunlap,113765.31,2023-07-21,23,199.0
453,Jacob,Knight,33481.72,2024-06-17,27,356.0
454,Whitney,Powell,111218.37,2015-10-29,37,265.0
455,Glenn,Ross,83608.99,2018-05-13,37,433.0
456,Cindy,Simon,56108.86,2017-05-19,33,450.0
457,Martha,Thomas,48598.59,2021-11-15,4,73.0
458,Sandra,Taylor,35498.64,2020-05-16,4,323.0
459,Julie,Fox,108635.37,2024-04-22,11,417.0
460,Tony,Bailey,95455.15,2024-01-01,34,454.0
461,Lisa,Dunn,105890.37,2021-08-08,25,210.0
462,Julia,Ramirez,53068.56,2024-02-22,11,427.0
463,Shelly,Carpenter,63982.69,2024-08-05,46,250.0
464,Erik,Davis,55256.18,2017-11-13,8,8.0
465,Ralph,Young,77120.12,2021-02-12,38,419.0
466,William,Smith,74580.07,2018-02-15,17,61.0
467,John,Chandler,88246.57,2018-11-03,40,268.0
468,Jacob,Anderson,59487.86,2024-01-31,32,216.0
469,Catherine,Martinez,115620.13,2023-11-26,8,22.0
470,Emily,Wang,33805.82,2019-06-15,32,177.0
471,Nicholas,Willis,104676.9,2017-04-20,18,379.0
472,Kevin,Hicks,79234.24,2016-12-15,31,368.0
473,Steven,Calderon,30029.11,2017-02-14,44,371.0
474,Sarah,Evans,33552.71,2016-01-03,41,334.0
475,Derek,Garcia,87369.56,2019-12-02,16,218.0
476,David,Kennedy,46915.13,2018-08-18,44,73.0
477,Travis,Hines,65340.4,2018-07-19,1,303.0
478,Travis,King,100696.45,2020-11-01,23,394.0
479,Tyrone,West,44103.57,2020-12-04,22,8.0
480,Jeffrey,Larson,76972.37,2016-11-24,21,400.0
481,Elizabeth,Kim,106023.98,2015-11-05,4,384.0
482,Geoffrey,Johnson,62612.07,2021-11-09,49,271.0
483,James,Krueger,92570.98,2019-05-29,18,77.0
484,Christina,Clark,55273.91,2016-08-30,33,306.0
485,Wanda,Serrano,40738.82,2016-11-28,41,130.0
486,Victoria,Warren,113934.38,2021-12-14,41,109.0
487,Sherry,Harris,56114.71,2022-12-06,18,52.0
488,Tonya,Schultz,87504.92,2023-01-23,21,64.0
489,Kathryn,Bray,62875.16,2016-08-17,1,455.0
490,Travis,Lee,109235.23,2020-05-10,2,151.0
491,Allison,Vasquez,97554.2,2020-05-28,31,230.0
492,Jennifer,Bass,65514.38,2024-06-04,5,468.0
493,Dorothy,Chambers,47358.49,2017-06-07,26,275.0
494,Dana,Massey,78720.11,2022-09-07,11,293.0
495,Susan,Wagner,65536.02,2021-09-25,43,431.0
496,James,Olson,110653.28,2025-07-05,1,279.0
497,Shannon,Hamilton,58359.17,2024-07-18,3,222.0
498,Jesse,Dennis,87015.13,2023-10-18,7,43.0
499,Margaret,Daniels,106919.96,2022-03-12,5,89.0
500,Erin,Moran,88623.39,2020-08-18,22,297.0
501,Marissa,Robertson,107609.83,2018-09-24,19,488.0
502,Andrew,Mcdonald,90619.72,2018-06-11,8,187.0
503,Allison,Myers,56731.03,2023-01-18,18,436.0
504,James,Singh,89153.24,2022-12-29,26,43.0
505,Samuel,Santana,66166.36,2018-04-25,12,79.0
506,Judy,Clark,46255.42,2019-10-31,25,393.0
507,Diana,Lee,48636.92,2019-08-09,42,98.0
508,Cameron,Brown,98979.95,2017-02-17,47,403.0
509,Melissa,Davis,83310.27,2021-07-08,38,68.0
510,Michael,Hernandez,89642.58,2025-05-02,28,354.0
511,Marissa,Jackson,110693.73,2017-11-10,46,220.0
512,Dale,Bishop,65057.18,2016-05-18,47,221.0
513,Travis,Jackson,94268.56,2025-07-05,1,237.0
514,Amy,Williams,42904.75,2019-11-02,21,94.0
515,Kenneth,Lopez,33630.29,2017-08-12,2,344.0
516,Peter,Williams,96503.68,2023-01-09,29,349.0
517,Marissa,Monroe,107686.85,2024-03-06,2,56.0
518,Jessica,Wilkins,56065.66,2020-09-10,1,329.0
519,Marissa,Moore,97342.83,2016-08-22,17,509.0
520,Adrienne,Finley,106060.13,2022-02-13,2,192.0
521,Rose,Davis,61739.86,2022-03-27,22,8.0
522,Brian,Horton,45242.97,2021-08-03,47,58.0
523,George,Hicks,113332.12,2024-10-16,45,369.0
524,Eric,Rogers,86768.83,2019-01-21,47,323.0
525,Gabriela,Martinez,107073.62,2019-07-30,3,348.0
526,Sarah,Coleman,47116.35,2024-07-29,18,126.0
527,Olivia,Key,97998.18,2017-03-11,15,19.0
528,Barbara,Carter,102778.95,2022-08-16,33,346.0
529,Kristen,Baker,79688.97,2018-07-11,30,205.0
530,Bryan,Vaughn,113072.89,2024-10-16,47,23.0
531,Willie,Wright,36117.29,2024-04-12,35,64.0
532,Matthew,Guzman,39787.37,2021-07-16,50,180.0
533,Janice,Mcclure,90200.78,2017-04-25,2,523.0
534,Gregory,Cortez,77994.13,2025-04-24,2,24.0
535,Kelly,Olson,114565.75,2022-06-16,45,396.0
536,Patricia,Nelson,41674.27,2024-08-22,44,316.0
537,Eric,Park,89376.36,2020-07-02,25,403.0
538,Stephanie,Smith,94018.04,2016-04-16,30,43.0
539,Dana,Wilkerson,98175.83,2018-08-12,15,135.0
540,Melissa,Benson,45117.68,2016-09-07,31,108.0
541,Karen,Leblanc,110699.9,2019-02-19,7,537.0
542,Joseph,Gutierrez,53246.24,2017-09-08,17,13.0
543,Steven,Roberts,38810.01,2022-09-12,37,374.0
544,Derrick,Day,66246.03,2024-09-25,22,112.0
545,Elizabeth,Howell,44625.48,2022-08-14,29,197.0
546,Adrian,Kennedy,116356.42,2016-07-02,47,269.0
547,Katie,Brewer,62017.55,2017-11-24,27,259.0
548,Alexander,Murphy,119481.22,2019-08-14,25,264.0
549,Melissa,Davenport,73947.52,2019-12-20,1,193.0
550,Veronica,Wilson,64978.83,2019-12-06,28,95.0
551,Scott,Porter,74951.07,2022-03-31,17,326.0
552,Jacob,Flynn,114305.57,2024-11-09,24,339.0
553,Melissa,Bright,78824.97,2017-02-17,8,128.0
554,Rachael,Evans,94521.9,2018-02-22,11,201.0
555,Seth,Reynolds,70174.22,2023-11-14,45,69.0
556,Sheila,Gonzales,93133.51,2020-05-07,50,256.0
557,Elizabeth,Bryant,104680.84,2016-05-08,35,401.0
558,Joshua,Norman,41358.34,2022-10-16,33,542.0
559,Jessica,Valencia,35011.55,2016-10-11,12,460.0
560,Willie,Kennedy,67103.77,2025-02-24,40,394.0
561,Patricia,Burns,66246.64,2020-08-15,15,218.0
562,Alan,Howell,119044.55,2022-07-22,23,144.0
563,Juan,Wyatt,51551.4,2024-08-11,23,31.0
564,Nicole,Collins,91883.18,2018-08-06,41,52.0
565,Geoffrey,Lewis,94282.85,2025-07-29,32,389.0
566,James,Silva,35791.19,2020-09-18,1,165.0
567,Cassandra,Rice,32003.41,2016-08-16,30,57.0
568,Timothy,Brewer,49940.51,2016-03-21,37,450.0
569,Adrian,Campbell,69924.94,2025-06-23,45,367.0
570,Crystal,Price,66745.6,2025-01-01,4,538.0
571,William,Baker,88918.83,2015-11-22,24,391.0
572,Cheryl,Jones,46965.34,2024-11-05,13,145.0
573,Katrina,Jones,109721.71,2020-04-10,15,43.0
574,Amanda,Hall,80545.13,2024-09-27,32,57.0
575,John,Anderson,103527.86,2024-04-01,20,507.0
576,Ronald,Owens,101724.2,2018-01-31,31,362.0
577,Audrey,Lopez,70173.45,2015-12-05,48,481.0
578,Nancy,Hunter,118093.09,2019-01-22,35,509.0
579,April,Ali,61649.45,2017-02-09,13,205.0
580,Emily,Richardson,82050.44,2016-07-09,14,570.0
581,David,Hernandez,76453.97,2018-03-26,43,53.0
582,Joshua,Gonzalez,116239.69,2025-02-13,23,211.0
583,Isaiah,Reid,44138.67,2022-06-08,40,575.0
584,Cassandra,Scott,116482.2,2017-10-28,4,482.0
585,Wayne,Bray,112947.87,2025-07-09,41,383.0
586,Tamara,Sanchez,50396.54,2023-03-09,2,213.0
587,Angela,Hoffman,49807.97,2019-09-02,39,365.0
588,Justin,Lopez,91902.4,2023-05-10,35,490.0
589,Abigail,Lopez,75376.46,2023-05-01,44,471.0
590,Bianca,Sanchez,85565.13,2017-07-17,28,397.0
591,Jamie,Kim,68561.54,2024-01-05,49,365.0
592,Jo,Anderson,85025.58,2017-02-01,36,176.0
593,Anne,Gilmore,119525.1,2016-11-08,33,100.0
594,Nicholas,Scott,32828.96,2023-11-26,36,291.0
595,Brianna,Hampton,41966.01,2017-05-10,27,476.0
596,Erik,Kennedy,35194.78,2021-05-06,35,496.0
597,Kristina,Rice,67275.63,2016-06-12,14,111.0
598,Jonathan,Riley,63107.12,2023-05-13,11,467.0
599,Heather,Walters,104047.59,2023-01-14,32,24.0
600,Thomas,Wilson,93877.95,2019-10-19,24,143.0
601,Joshua,Schneider,39366.7,2022-06-06,24,80.0
602,Elizabeth,Rodriguez,108626.41,2019-05-17,37,201.0
603,Kristen,Shepherd,83286.72,2022-07-13,23,406.0
604,Tanya,Boyd,34523.32,2023-01-29,26,282.0
605,Kristen,Rose,109921.81,2020-02-18,34,373.0
606,Melissa,Becker,59741.05,2017-01-24,41,104.0
607,Stephanie,Porter,81196.98,2024-09-11,35,396.0
608,Paul,Barton,66111.91,2017-01-07,7,487.0
609,Ralph,Miller,55581.86,2025-05-18,32,356.0
610,Michael,Baker,67675.68,2021-03-31,16,368.0
611,Paul,Hicks,75846.75,2020-05-05,10,380.0
612,Kristine,Moore,100979.22,2020-04-30,12,522.0
613,Kevin,Rice,113166.86,2017-10-30,25,140.0
614,Craig,Gardner,62854.16,2023-04-28,43,291.0
615,Colin,Dorsey,105594.15,2019-04-13,31,155.0
616,Kristin,Taylor,41974.23,2022-05-16,9,609.0
617,Gerald,Cordova,44730.77,2017-11-08,26,131.0
618,Regina,Gallagher,118939.19,2016-05-25,22,246.0
619,Mario,Schneider,108793.41,2018-02-18,6,595.0
620,Adam,Vazquez,76489.69,2024-07-07,41,104.0
621,Ryan,Robinson,59520.31,2019-08-29,14,240.0
622,Ronald,Walters,118710.84,2022-05-31,21,464.0
623,Karina,Butler,106744.79,2021-09-19,14,188.0
624,Christopher,Tyler,100826.67,2017-10-06,28,449.0
625,Brian,Garcia,110667.0,2021-09-26,2,12.0
626,Madeline,Valdez,38170.38,2024-12-23,13,160.0
627,Frederick,Curtis,47548.18,2019-02-23,19,285.0
628,Andrew,Leon,57190.96,2024-04-20,49,502.0
629,Justin,Perez,46098.78,2017-07-10,7,552.0
630,Beverly,Gomez,75410.32,2017-06-25,2,266.0
631,John,Price,110865.83,2018-12-12,41,565.0
632,Ruben,Stephens,61559.87,2016-12-27,49,137.0
633,Jennifer,Butler,47264.59,2018-04-12,2,491.0
634,Kirsten,King,34600.89,2019-08-22,38,17.0
635,Adam,Juarez,102798.16,2023-11-03,4,610.0
636,Hector,Gonzalez,112098.2,2023-09-18,29,599.0
637,Ryan,Morales,110297.36,2021-12-20,45,551.0
638,Becky,Combs,111410.59,2016-04-30,3,237.0
639,Elizabeth,Gonzalez,72993.34,2016-01-04,33,198.0
640,Karen,Simpson,116848.2,2017-09-24,14,508.0
641,Cynthia,Jacobs,36518.27,2016-04-07,34,388.0
642,Jonathan,Sanders,81661.39,2020-11-01,26,360.0
643,Gregory,Lopez,88842.54,2018-06-05,28,30.0
644,Patricia,Jimenez,109850.11,2016-10-12,8,43.0
645,Christopher,Ortega,54796.01,2024-11-23,42,438.0
646,Craig,Edwards,65948.14,2025-02-02,14,148.0
647,Kevin,Espinoza,63607.16,2019-06-23,17,119.0
648,Timothy,Walker,64522.04,2017-05-29,2,544.0
649,Brian,Archer,92902.52,2023-10-07,32,188.0
650,Kevin,Wilson,86844.84,2021-07-02,11,66.0
651,Amy,Marshall,117092.63,2019-12-14,19,226.0
652,Kristen,Mitchell,110994.69,2023-01-24,21,257.0
653,Christine,Ryan,46765.42,2016-12-10,39,356.0
654,Carly,Blake,86905.85,2022-04-04,44,652.0
655,Neil,Clark,113224.17,2016-07-21,36,97.0
656,Michael,Odonnell,103322.83,2025-07-26,33,479.0
657,Timothy,Dixon,93587.73,2017-07-07,7,68.0
658,Kevin,Davis,72265.11,2023-08-24,11,254.0
659,Victoria,Brown,81241.87,2021-02-10,27,332.0
660,Jennifer,Bailey,54247.63,2021-09-10,39,369.0
661,Ronald,Jones,80389.58,2023-04-02,21,494.0
662,Alexander,Wright,55285.34,2016-11-20,14,33.0
663,Debbie,Lewis,54167.08,2017-09-25,44,602.0
664,Ronald,Drake,61424.13,2017-04-29,36,529.0
665,Thomas,Harrington,99229.76,2019-08-25,23,460.0
666,Jennifer,Wright,116615.45,2022-05-29,39,118.0
667,Barbara,Wright,55716.56,2018-02-07,18,36.0
668,Michael,Delgado,30835.69,2020-02-28,22,387.0
669,Robert,Smith,67658.7,2020-12-05,35,26.0
670,Kathleen,Perez,68017.79,2022-06-24,38,149.0
671,Eric,Thomas,110579.86,2025-03-13,7,78.0
672,Ashley,Jackson,101145.13,2025-07-16,17,79.0
673,John,Smith,100062.22,2018-08-15,20,173.0
674,Brooke,Hall,96401.1,2017-01-14,27,496.0
675,Corey,Roy,116994.03,2025-02-14,40,614.0
676,Jason,Singleton,67225.43,2020-04-07,38,373.0
677,Annette,Roman,119697.88,2016-02-08,9,249.0
678,Jasmine,Wilson,114903.96,2019-11-20,14,408.0
679,Amanda,Holder,40602.11,2016-12-10,9,193.0
680,Marcus,King,91265.36,2023-05-18,14,314.0
681,Aaron,Barnett,79926.94,2019-04-24,32,678.0
682,Kenneth,Spencer,80516.29,2022-06-23,24,486.0
683,Julie,Kim,54139.4,2018-03-02,16,502.0
684,Daniel,Ewing,56466.74,2019-04-12,34,113.0
685,Rodney,Mcclure,78616.8,2018-07-22,17,292.0
686,Andrew,Barton,34455.02,2015-10-06,28,277.0
687,Robert,Robinson,76392.78,2024-02-02,38,325.0
688,Lisa,Johnson,51171.27,2021-06-24,25,416.0
689,Brooke,Austin,90623.29,2022-06-26,19,450.0
690,William,Moore,76664.96,2017-07-30,21,197.0
691,Peter,Simmons,74916.27,2022-01-08,46,78.0
692,Alicia,Hardy,31939.67,2019-08-19,5,58.0
693,Timothy,Booth,116781.67,2017-04-30,40,393.0
694,Laura,Joseph,85697.51,2017-03-06,19,155.0
695,Pamela,Downs,89219.2,2023-01-09,37,667.0
696,Eric,Davis,113120.35,2023-09-03,46,297.0
697,Jennifer,Soto,86932.86,2016-01-08,44,659.0
698,Anthony,Dickerson,111821.56,2025-06-28,7,49.0
699,Mary,Harris,84253.19,2021-11-10,8,42.0
700,Heather,Gonzalez,69287.74,2023-01-28,3,465.0
701,Alexis,Lynch,49836.25,2023-01-08,31,257.0
702,Anna,Zavala,72160.74,2018-02-17,4,401.0
703,Mark,Hernandez,73806.82,2017-09-01,20,465.0
704,Kylie,Roberson,114452.7,2021-07-18,3,603.0
705,Stephanie,Collins,117496.02,2020-02-17,5,153.0
706,Patrick,Ruiz,63193.32,2019-07-23,23,110.0
707,Melinda,Garcia,32869.13,2016-05-30,22,570.0
708,Brenda,Morrow,51576.5,2020-08-03,29,385.0
709,Sandra,Palmer,75323.14,2021-10-30,17,220.0
710,Susan,Grant,60574.6,2020-11-16,28,678.0
711,Sandra,Hunter,100676.67,2015-10-10,48,65.0
712,Monica,Villegas,107286.74,2019-06-05,28,514.0
713,Danielle,Romero,71787.06,2023-10-26,39,630.0
714,Charles,Weaver,49366.7,2018-10-01,18,409.0
715,Roberto,Miranda,64558.14,2017-10-16,11,137.0
716,Candice,Wheeler,114168.57,2023-07-15,26,369.0
717,Kathryn,Sandoval,92400.13,2016-11-27,21,82.0
718,Andrea,Oconnell,84155.4,2024-04-06,14,193.0
719,Amy,Yang,81979.18,2018-04-10,29,626.0
720,Margaret,Haney,65515.52,2022-01-23,5,239.0
721,Robert,Pope,82794.18,2020-08-26,16,368.0
722,Teresa,Baker,79975.36,2019-04-10,43,626.0
723,Joseph,Robinson,113841.69,2017-09-04,28,560.0
724,William,Curry,61063.31,2016-08-21,18,224.0
725,Jessica,Adams,106500.64,2021-01-30,39,268.0
726,Ana,Wood,110467.85,2017-02-11,8,503.0
727,Joseph,Pham,36977.28,2018-01-26,37,561.0
728,Victoria,Thomas,48551.64,2019-05-30,38,356.0
729,Brian,Rasmussen,77423.72,2016-08-06,4,484.0
730,Jennifer,Stewart,87792.41,2018-07-11,20,493.0
731,Michelle,Moore,104986.23,2023-08-20,42,263.0
732,Kevin,Owens,42414.08,2015-10-21,18,7.0
733,Jessica,Mitchell,61817.18,2025-05-12,50,203.0
734,Paul,Wright,58809.04,2016-08-30,42,341.0
735,Jennifer,Mack,47581.06,2017-07-27,28,350.0
736,Eric,Smith,52796.93,2015-11-11,1,657.0
737,Lisa,Stafford,57607.83,2024-02-28,28,206.0
738,Amy,Bell,110515.24,2019-09-14,38,88.0
739,Michaela,Flores,103180.04,2016-07-29,29,76.0
740,Christine,Osborne,68944.48,2018-03-21,47,155.0
741,Tammy,Martin,87350.28,2022-11-04,32,274.0
742,Mark,Trujillo,71000.78,2023-12-23,10,595.0
743,Ryan,Booth,32405.49,2022-01-12,36,314.0
744,Thomas,Cole,47044.19,2019-07-11,4,626.0
745,Lisa,Powell,41529.03,2023-07-04,23,620.0
746,Mariah,Holmes,61360.97,2017-08-05,17,410.0
747,Emily,Cobb,101902.89,2024-09-30,1,677.0
748,Samantha,Cummings,56521.14,2022-03-19,47,371.0
749,Roger,Rhodes,95358.72,2015-12-29,46,138.0
750,Robert,Nielsen,70594.83,2019-04-23,10,84.0
751,Kristy,Ward,104153.73,2017-08-10,25,638.0
752,Wanda,Gonzalez,104022.71,2016-09-25,31,576.0
753,Jonathan,Stewart,73892.4,2016-03-24,16,168.0
754,Michael,Jackson,72642.84,2025-02-12,9,41.0
755,Jesus,Watkins,84519.75,2024-02-25,39,584.0
756,Robert,Cowan,36971.51,2022-05-19,12,80.0
757,Jason,Stewart,66924.27,2018-08-16,3,201.0
758,Alison,Ellis,103954.76,2017-01-03,42,582.0
759,David,Jordan,104820.02,2024-11-07,28,156.0
760,Michele,Ortiz,49980.32,2023-05-12,23,646.0
761,Jason,Hill,71599.49,2019-12-24,22,297.0
762,Amber,James,110919.7,2016-11-18,7,341.0
763,Kyle,Fisher,78307.98,2016-09-10,43,40.0
764,Hannah,Wilkerson,45725.41,2025-05-10,33,571.0
765,Joshua,Smith,43578.09,2018-09-26,40,162.0
766,Alexander,Keller,100867.5,2025-07-10,18,501.0
767,Brandon,Smith,42560.69,2016-08-31,11,210.0
768,Jessica,Anderson,95981.92,2019-07-05,15,161.0
769,Natalie,Ramos,76246.81,2017-04-10,40,92.0
770,Ebony,King,54701.55,2016-07-25,39,8.0
771,Tasha,Gaines,84056.32,2021-07-03,50,490.0
772,David,Bennett,40145.99,2022-07-16,1,538.0
773,Troy,Francis,40996.35,2023-02-23,10,657.0
774,Sonya,Taylor,102315.6,2018-08-10,17,512.0
775,Erica,Arnold,63597.57,2016-03-07,8,672.0
776,Andrew,Peterson,107449.99,2019-08-20,2,249.0
777,Donna,May,45156.51,2018-08-05,9,20.0
778,William,White,111129.47,2019-10-05,38,114.0
779,Keith,Roberts,82867.83,2025-01-23,41,760.0
780,Jonathan,Martinez,34706.64,2024-12-16,40,194.0
781,Ricardo,Howard,83802.19,2018-10-04,6,289.0
782,Michele,Jones,117081.05,2016-02-15,3,376.0
783,Krystal,Carter,75884.37,2019-04-03,20,531.0
784,Jeremy,Ruiz,89016.23,2025-04-30,6,405.0
785,Keith,Rodriguez,65907.24,2016-10-20,11,518.0
786,Bridget,Cox,101270.86,2022-09-19,36,405.0
787,Aaron,Matthews,57819.3,2018-03-16,37,217.0
788,Monica,Mitchell,33053.51,2024-09-21,31,495.0
789,Lisa,Carr,62293.21,2018-08-13,5,176.0
790,Dylan,Rodriguez,56655.95,2018-01-02,1,347.0
791,Ashley,Mathews,35500.45,2023-05-27,25,662.0
792,Richard,Powers,117865.8,2022-04-27,32,655.0
793,Keith,Elliott,66077.99,2017-05-13,19,552.0
794,Emily,Romero,75693.63,2018-04-24,21,529.0
795,Steve,English,114882.79,2024-02-02,26,757.0
796,Judith,Salazar,60842.07,2021-01-08,24,728.0
797,Bryan,Ali,114426.5,2025-07-30,35,285.0
798,Jordan,Smith,59539.26,2022-08-26,25,310.0
799,Thomas,Robbins,80426.04,2025-09-12,39,326.0
800,Sharon,Franklin,78806.36,2021-08-14,47,388.0
801,Robert,Calhoun,41252.82,2017-11-14,32,710.0
802,Bruce,Jones,34903.19,2020-03-22,40,436.0
803,Jason,Buchanan,87349.36,2022-12-27,24,8.0
804,Jennifer,Miller,33177.12,2016-09-04,47,397.0
805,Diana,Lewis,33116.14,2023-02-27,48,443.0
806,Janet,Martin,66247.52,2022-05-08,39,760.0
807,John,Hill,61005.76,2016-07-22,31,2.0
808,Jill,Calhoun,46177.21,2016-05-12,45,514.0
809,Colin,Rodriguez,30487.04,2021-09-20,36,281.0
810,Jaime,Deleon,118665.35,2017-08-31,5,73.0
811,Isaac,Meadows,52698.18,2016-03-24,14,564.0
812,Rebecca,Richardson,49280.85,2023-06-15,38,465.0
813,Wendy,Clark,59757.31,2017-11-27,38,381.0
814,Sabrina,Michael,114097.69,2025-04-06,11,759.0
815,Cory,Smith,80514.35,2016-02-25,45,541.0
816,Kristie,Marquez,30842.0,2021-08-31,32,492.0
817,Patrick,Ross,41445.05,2024-11-28,47,284.0
818,Julia,Flores,108805.58,2022-12-29,28,595.0
819,Jacob,Daniel,54188.11,2017-11-14,22,628.0
820,Beth,Collins,76049.62,2024-10-21,49,280.0
821,Samantha,Fischer,90710.01,2017-03-11,14,34.0
822,David,Becker,91115.55,2023-08-04,20,329.0
823,Cynthia,Lawrence,55989.03,2025-04-26,4,314.0
824,Shannon,Logan,72811.47,2023-04-30,15,730.0
825,Nancy,Ortega,49933.08,2018-02-20,7,747.0
826,Breanna,Mcconnell,50865.77,2020-01-14,4,630.0
827,Katherine,Lopez,37372.9,2020-05-25,23,278.0
828,Daniel,Howard,49376.27,2020-10-08,8,47.0
829,Elizabeth,Chavez,99406.08,2024-09-30,47,305.0
830,Amber,Rubio,91119.07,2024-12-23,6,173.0
831,David,Garrett,53813.47,2020-06-25,30,198.0
832,Daniel,Ford,52333.66,2025-06-02,22,441.0
833,Hannah,Sandoval,116751.32,2023-09-17,29,367.0
834,Nicole,Velasquez,49368.76,2016-10-05,48,712.0
835,John,Perez,87648.81,2017-02-27,14,806.0
836,Andrea,Cooper,102274.34,2016-09-05,24,730.0
837,Kevin,Reese,88990.63,2022-04-01,4,260.0
838,Leah,Adams,43450.86,2020-12-14,4,153.0
839,Kenneth,Rodriguez,56328.51,2016-10-21,11,55.0
840,Michael,Campbell,81602.14,2016-03-15,20,496.0
841,Kyle,Williams,100051.17,2020-10-22,7,237.0
842,Danielle,Hale,53720.96,2025-04-27,14,665.0
843,Kristine,Davis,96520.7,2019-09-13,21,386.0
844,Kenneth,Jensen,69837.27,2019-10-09,10,654.0
845,Joyce,Rush,39008.67,2024-03-17,49,101.0
846,Christopher,Holmes,51997.39,2020-08-09,14,661.0
847,Maria,Diaz,102340.51,2021-06-19,4,221.0
848,Denise,Martin,96109.36,2024-07-11,42,317.0
849,Travis,Blair,110524.08,2023-09-30,21,148.0
850,Jennifer,Martin,79329.7,2018-09-12,38,235.0
851,Molly,Crawford,65105.53,2022-09-27,29,32.0
852,Clayton,Chen,34469.7,2018-04-22,36,765.0
853,Nathan,Bennett,32861.76,2025-08-28,29,831.0
854,Melody,Greene,39331.15,2020-04-11,39,340.0
855,Sierra,Shepard,44833.66,2017-03-23,35,200.0
856,Holly,Garcia,119696.86,2016-01-22,25,643.0
857,Ashley,Hill,117619.71,2023-10-10,1,450.0
858,Yvette,Arroyo,51159.84,2019-06-10,1,2.0
859,Angela,Parker,48082.87,2019-01-14,34,688.0
860,Marcus,Wilson,53088.88,2019-06-30,25,54.0
861,Lori,Donovan,52883.47,2018-10-21,5,331.0
862,Robert,Clements,60001.09,2021-08-14,49,435.0
863,Jim,Marquez,93424.47,2018-03-31,22,548.0
864,Janice,Mejia,50077.23,2017-12-31,17,560.0
865,Rachel,Brown,31061.54,2021-12-07,50,652.0
866,Mary,Wagner,64396.85,2019-08-30,2,431.0
867,Eric,Clarke,114628.6,2019-10-10,6,112.0
868,Emily,Jordan,42168.56,2021-04-28,27,145.0
869,Alicia,Patterson,110814.61,2018-09-04,36,209.0
870,Lisa,Bishop,119130.98,2023-08-04,44,398.0
871,Russell,Giles,118395.79,2022-12-15,30,462.0
872,Kathryn,Dyer,90640.16,2021-01-06,31,726.0
873,Daniel,Martin,69598.12,2021-06-18,42,197.0
874,Amy,Klein,118895.78,2021-08-25,5,56.0
875,Christopher,Ford,111394.7,2018-05-28,18,398.0
876,Linda,Ray,70716.61,2023-06-17,48,255.0
877,Michelle,Reynolds,77248.47,2024-03-23,25,436.0
878,Brenda,Wilson,93892.27,2024-09-16,35,810.0
879,Gary,Wilson,66936.56,2024-11-07,46,342.0
880,Samuel,Carpenter,92135.81,2017-02-21,36,76.0
881,Victoria,Lee,105880.94,2025-03-07,36,20.0
882,Allen,Huffman,44933.22,2025-08-02,32,206.0
883,Jason,Brooks,50516.98,2024-05-16,22,315.0
884,Ashley,Robinson,104058.6,2020-08-26,2,660.0
885,Derek,Ali,96559.02,2018-03-29,28,753.0
886,Garrett,Weaver,88532.45,2018-09-21,19,477.0
887,David,King,77037.05,2021-05-06,22,215.0
888,Donna,Brown,109973.26,2017-04-21,46,533.0
889,Karen,Stephens,117557.41,2018-03-14,10,477.0
890,Pamela,Miller,41849.25,2017-12-31,4,578.0
891,Christine,Villarreal,58786.13,2018-08-05,24,864.0
892,Candice,Dalton,38401.9,2020-01-29,25,710.0
893,Patricia,Coleman,105419.29,2025-03-17,24,130.0
894,Sarah,Kelley,84524.92,2025-03-29,14,445.0
895,Erin,Anderson,90024.2,2022-10-03,41,126.0
896,Robert,Lynn,108801.23,2018-01-12,21,225.0
897,Crystal,Walker,86555.36,2017-10-27,15,286.0
898,Diana,Ryan,112493.4,2016-12-19,25,421.0
899,John,Keller,61749.02,2019-12-17,18,375.0
900,Ryan,Irwin,90225.43,2017-08-22,6,539.0
901,Nicholas,Carson,104016.94,2022-08-31,18,544.0
902,Maria,Anderson,80723.09,2022-03-31,11,366.0
903,Rachel,Salazar,71988.14,2024-05-13,12,19.0
904,Seth,Estrada,38733.47,2017-11-19,47,486.0
905,Robyn,Cunningham,63483.85,2025-04-07,34,702.0
906,Lonnie,Johnson,86825.75,2019-01-11,17,456.0
907,David,Hubbard,67716.34,2019-12-04,48,515.0
908,Eric,Wilson,87144.01,2023-03-27,16,718.0
909,Antonio,Willis,75266.07,2024-01-15,40,385.0
910,Anna,Griffith,77455.56,2018-08-18,22,94.0
911,Alfred,Howard,33294.25,2016-10-06,18,60.0
912,Cynthia,Kemp,48643.0,2016-04-13,40,560.0
913,Ashley,Lester,70406.16,2022-02-02,9,590.0
914,Sally,Stanley,49107.88,2018-08-01,9,472.0
915,Christopher,Goodwin,94852.42,2016-11-08,43,155.0
916,Melissa,Young,114595.8,2023-09-06,6,233.0
917,Tammy,Anderson,42180.32,2019-07-09,17,126.0
918,Michael,Burns,47463.15,2024-10-31,2,524.0
919,Luis,Sharp,81838.26,2019-08-30,49,
920,James,Tran,71799.89,2019-12-15,11,41.0
921,Antonio,Vazquez,97297.42,2022-07-04,11,386.0
922,Jason,Tucker,41807.83,2020-10-25,24,68.0
923,Jacqueline,Glover,93850.18,2021-08-02,18,673.0
924,Christine,Stout,93230.54,2018-11-25,1,417.0
925,Melinda,Stark,110131.06,2017-05-28,21,874.0
926,Michael,George,114450.42,2019-08-23,41,178.0
927,Brian,Baldwin,80725.23,2022-08-26,6,348.0
928,Jennifer,Allison,104361.15,2024-06-27,11,761.0
929,Benjamin,Gutierrez,45426.75,2023-07-05,18,548.0
930,Angela,Miles,91769.89,2020-02-12,13,902.0
931,Jonathon,Taylor,102678.98,2024-10-17,45,589.0
932,Renee,Moore,106842.69,2024-05-03,20,571.0
933,Nancy,Mayer,90244.98,2025-06-23,23,775.0
934,Francisco,Garcia,54182.61,2019-01-01,10,72.0
935,Jeffrey,Yates,111945.18,2020-07-30,10,46.0
936,Katie,Garner,101120.51,2023-11-26,19,922.0
937,Benjamin,Bryant,119432.62,2021-09-12,40,518.0
938,Charles,Wilson,51870.93,2022-09-21,14,331.0
939,Becky,Martinez,66860.56,2023-02-12,20,22.0
940,Roger,Tran,118546.19,2016-04-15,22,836.0
941,James,Ramirez,71737.72,2023-12-22,10,343.0
942,Kelly,Baker,112438.11,2017-06-25,27,8.0
943,Mark,Smith,119026.52,2017-06-07,1,446.0
944,Cheryl,Martinez,91605.5,2015-09-17,17,107.0
945,Audrey,Gutierrez,94839.85,2018-03-17,2,392.0
946,Eric,Herman,108547.93,2019-02-05,24,868.0
947,Howard,Parks,92395.53,2022-03-15,25,426.0
948,Terri,Blanchard,81518.76,2016-01-04,18,889.0
949,Allison,Lee,46341.18,2024-11-23,43,915.0
950,Vanessa,Sharp,37922.19,2019-11-05,11,569.0
951,Jennifer,Nelson,68361.99,2020-01-02,33,454.0
952,Rachel,Morgan,61649.2,2019-06-05,39,557.0
953,Erik,Harper,97207.07,2023-06-05,26,576.0
954,Sean,Burton,41142.13,2018-08-06,29,495.0
955,Sean,Green,67000.5,2023-11-21,16,58.0
956,Frank,Blevins,104505.38,2025-07-24,29,466.0
957,Joshua,Avery,104941.03,2025-03-13,38,141.0
958,Amanda,Carney,87163.01,2016-02-06,39,936.0
959,Michael,Martin,44486.19,2024-10-22,43,576.0
960,Judy,Morris,52702.78,2022-11-18,40,466.0
961,David,Vang,37796.58,2022-09-02,28,897.0
962,Erin,Stark,84181.8,2016-01-21,31,214.0
963,Jeffrey,Foley,79667.65,2019-03-28,20,41.0
964,Jennifer,King,91190.12,2018-02-03,33,355.0
965,Kimberly,Watts,70715.43,2017-11-28,48,925.0
966,Andrew,Robinson,117928.53,2023-12-14,38,395.0
967,Molly,Murphy,90193.06,2024-02-26,2,126.0
968,Kenneth,Molina,69361.49,2024-12-03,15,534.0
969,Rodney,Bernard,36892.21,2022-02-28,47,906.0
970,Joseph,Padilla,102716.06,2019-02-10,15,242.0
971,James,Matthews,46113.48,2019-03-06,33,909.0
972,Ryan,Hayes,91051.31,2017-09-01,38,47.0
973,Christopher,Barnett,33714.39,2018-11-17,14,420.0
974,Cynthia,Price,119223.75,2018-01-24,39,362.0
975,Dawn,Davis,100933.89,2018-08-30,6,803.0
976,Bryce,Arnold,105933.32,2025-01-07,13,252.0
977,Candice,Mcmillan,75861.57,2023-04-22,34,79.0
978,Laura,Goodwin,57661.37,2021-10-20,18,47.0
979,Cindy,Bridges,67234.95,2023-04-05,1,58.0
980,Elizabeth,Herring,39515.29,2018-04-18,30,535.0
981,Jesse,Johnson,118116.05,2023-07-08,8,514.0
982,James,Torres,118392.3,2016-05-10,41,981.0
983,Darrell,Washington,105551.13,2021-02-07,15,511.0
984,Robin,Barnett,61872.21,2017-11-11,13,287.0
985,Sandra,Anderson,38736.95,2017-05-05,46,426.0
986,Christopher,Young,116046.31,2018-11-07,11,760.0
987,Margaret,Cummings,81989.71,2017-10-20,27,288.0
988,Roger,Watson,102787.6,2024-02-16,40,562.0
989,John,Henderson,97564.85,2017-11-15,9,773.0
990,Bruce,Lopez,49894.81,2024-09-09,9,437.0
991,Charles,Love,88987.29,2020-02-22,1,297.0
992,Tony,Smith,58420.66,2020-02-25,5,923.0
993,Leon,Huffman,77475.45,2018-03-15,44,820.0
994,Michele,Branch,38406.95,2025-04-30,34,623.0
995,Julie,Taylor,43582.23,2018-12-07,5,438.0
996,Elizabeth,Randall,58538.47,2022-08-25,28,730.0
997,Julie,Cardenas,33985.78,2018-04-14,46,760.0
998,David,Williams,46472.72,2017-10-13,10,550.0
999,Allen,Johnson,30979.08,2021-02-16,20,982.0
1000,Daniel,Hunt,65001.08,2019-08-23,42,138.0
1001,Chase,Waters,84215.18,2019-08-17,37,113.0
1002,Sherry,Wood,42693.48,2024-08-13,8,989.0
1003,Jonathan,Terry,53136.9,2015-11-08,31,930.0
1004,Roy,Delgado,57721.28,2016-12-18,43,529.0
1005,Sonya,Landry,33779.51,2024-10-11,26,975.0
1006,Tina,Davis,44879.38,2020-09-29,4,144.0
1007,Douglas,Taylor,37490.23,2019-10-08,15,740.0
1008,Brett,Williams,67782.95,2024-07-02,21,682.0
1009,Rhonda,Rodriguez,68350.56,2017-08-02,6,673.0
1010,Tammy,Bryant,109016.83,2017-12-19,22,344.0
1011,Austin,Davis,41427.25,2023-02-23,20,479.0
1012,David,Taylor,82476.99,2023-03-12,11,553.0
1013,Robert,Patel,38141.89,2022-05-15,5,964.0
1014,Amy,Smith,117688.63,2017-12-06,19,840.0
1015,April,Johnson,36055.44,2015-10-02,4,995.0
1016,Kimberly,Bowen,111238.72,2022-09-12,22,839.0
1017,Karen,Blair,115357.22,2021-05-14,34,780.0
1018,Anna,Lee,107127.76,2016-11-04,32,364.0
1019,Connie,Wheeler,55946.26,2022-08-10,42,781.0
1020,Joann,Cabrera,42757.21,2021-04-25,45,912.0
1021,Darren,Owen,79827.17,2020-06-03,7,786.0
1022,Mary,Conley,68499.02,2025-05-21,4,858.0
1023,Teresa,Boyd,103908.21,2018-05-16,14,205.0
1024,Glenn,Jimenez,64562.63,2017-10-14,10,678.0
1025,Edward,Silva,91979.3,2016-09-17,41,698.0
1026,Kayla,Sims,76619.43,2021-03-09,22,144.0
1027,Mario,Hernandez,97700.38,2022-01-06,25,727.0
1028,Barbara,Quinn,40686.43,2024-05-05,19,1008.0
1029,Sandra,Walker,76812.38,2016-06-19,26,475.0
1030,Megan,Estes,64791.05,2023-10-18,16,137.0
1031,Troy,Nolan,68512.83,2016-06-27,13,168.0
1032,Jose,Hendrix,56288.6,2022-03-12,11,278.0
1033,Stephanie,Johnson,101069.4,2018-05-04,43,1015.0
1034,Elizabeth,Gomez,56903.23,2024-04-09,2,155.0
1035,Robert,Molina,50234.7,2021-05-25,48,531.0
1036,Bethany,Stewart,39924.95,2016-12-15,42,203.0
1037,Jane,Russell,84682.1,2019-09-09,38,262.0
1038,Lisa,Moran,80644.8,2015-10-23,14,302.0
1039,Monique,Myers,83399.04,2018-04-21,3,981.0
1040,Pamela,Gilmore,113759.27,2019-04-02,40,638.0
1041,Amy,Melton,31863.46,2016-10-16,11,59.0
1042,Linda,Rogers,32969.39,2017-10-19,38,243.0
1043,Anthony,King,83914.9,2016-10-24,19,119.0
1044,Nicholas,Barnes,54612.62,2019-03-31,14,105.0
1045,Tammy,Ward,38096.56,2025-05-22,27,940.0
1046,Eric,Johnson,104664.37,2019-08-10,33,343.0
1047,Mary,Gray,39943.19,2016-07-17,35,817.0
1048,Beverly,Haney,83558.74,2017-07-27,25,185.0
1049,Sean,Herrera,115167.79,2024-04-30,6,148.0
1050,Sean,Solis,84121.37,2024-08-01,9,305.0
1051,Laura,Sanders,69962.3,2015-12-23,25,46.0
1052,Lauren,Chandler,96401.48,2017-08-15,10,566.0
1053,Kaylee,Rojas,96322.0,2016-04-19,12,1035.0
1054,Monica,Watkins,44717.29,2016-12-19,32,216.0
1055,Danielle,Sims,67911.29,2024-12-12,25,927.0
1056,Jeremiah,Valdez,97626.36,2017-02-15,4,25.0
1057,Dominique,Hughes,77392.06,2024-10-04,17,616.0
1058,Teresa,Haas,60122.06,2017-12-16,13,300.0
1059,Michael,Mcclure,50088.3,2022-06-19,19,438.0
1060,Joy,Velasquez,37208.88,2020-10-08,2,664.0
1061,David,Hernandez,102230.34,2025-01-19,15,267.0
1062,Ashley,Cole,108821.82,2025-04-01,46,80.0
1063,Sandra,Clark,90022.61,2019-01-20,18,696.0
1064,Travis,Brown,46151.91,2024-03-27,44,799.0
1065,Maria,Romero,119798.6,2020-05-17,44,916.0
1066,Bradley,Bailey,107249.38,2018-07-29,45,652.0
1067,Chelsea,Stephens,57781.04,2019-12-29,9,708.0
1068,Jennifer,Sullivan,85315.92,2019-07-12,22,180.0
1069,Kimberly,Jordan,70937.07,2023-02-23,44,589.0
1070,Jessica,Barrett,38039.51,2018-01-13,5,218.0
1071,Monique,Peters,53329.6,2019-12-30,22,960.0
1072,Tina,Thompson,108605.89,2021-03-29,20,127.0
1073,Mitchell,Oliver,110073.97,2025-01-04,17,55.0
1074,Cassandra,Payne,70871.08,2016-12-09,48,20.0
1075,Sara,Harris,83241.71,2019-12-06,49,78.0
1076,Patricia,Gibbs,93831.26,2018-06-24,37,870.0
1077,Sally,Hill,119357.78,2017-09-18,40,822.0
1078,Karen,Ross,115529.72,2021-04-11,43,748.0
1079,Robert,Copeland,75562.63,2020-12-22,9,690.0
1080,Jose,Franco,104012.86,2017-05-20,10,919.0
1081,Sarah,Sheppard,63903.12,2021-01-06,25,239.0
1082,Alex,Cook,103904.84,2017-07-30,42,141.0
1083,Jerome,Wilson,36540.26,2021-11-17,19,288.0
1084,Jonathan,Vaughn,105696.98,2018-03-16,47,667.0
1085,Deborah,Brooks,64858.28,2022-03-15,41,638.0
1086,Robert,Woodward,43761.38,2024-05-22,37,986.0
1087,Jerry,Garcia,43148.13,2015-12-25,23,67.0
1088,Brenda,Huber,115242.06,2021-02-07,30,457.0
1089,Joseph,Leach,109350.46,2024-04-27,33,246.0
1090,Caleb,Lee,88403.71,2023-11-16,46,555.0
1091,Dale,Nixon,87360.18,2019-02-12,32,711.0
1092,Connie,Gray,100501.09,2018-08-16,38,585.0
1093,Elizabeth,Robbins,53786.27,2021-11-24,27,40.0
1094,Jose,Hale,105832.87,2015-11-13,24,142.0
1095,Peter,Calhoun,91754.98,2016-12-15,23,883.0
1096,Holly,Kerr,38579.33,2024-08-22,24,1065.0
1097,William,Jones,77176.38,2025-03-18,46,254.0
1098,Ruth,Matthews,117327.21,2019-04-19,41,573.0
1099,Jay,Obrien,44964.88,2022-09-12,40,133.0
1100,Sally,Bowman,115456.11,2016-04-24,24,228.0
1101,Danielle,Wright,32656.07,2021-05-06,33,1089.0
1102,Jason,Wilson,114808.25,2020-03-10,34,807.0
1103,Loretta,Coleman,81455.32,2016-04-02,32,466.0
1104,Kenneth,Yang,60869.85,2024-09-18,20,641.0
1105,Elizabeth,Smith,115774.59,2016-06-26,8,467.0
1106,Joel,Thomas,49828.67,2018-11-13,11,33.0
1107,Heather,Gibson,74931.55,2022-12-29,9,1029.0
1108,Brian,Bailey,109066.83,2017-02-02,48,16.0
1109,Tina,Maldonado,71735.92,2022-01-01,24,468.0
1110,Nicholas,Savage,90638.58,2017-07-07,39,308.0
1111,John,Harris,41196.48,2019-08-28,38,239.0
1112,Melissa,Jones,55758.49,2020-03-26,33,723.0
1113,Timothy,Watkins,86963.29,2017-01-05,46,934.0
1114,Kayla,Graham,101279.37,2019-09-28,44,647.0
1115,Jason,Potter,42876.89,2021-07-10,1,433.0
1116,Sarah,Garcia,54231.01,2017-07-20,27,659.0
1117,John,Bowman,34697.22,2019-12-02,10,819.0
1118,Michael,Chang,104995.27,2018-06-15,18,626.0
1119,Wanda,Mann,97183.5,2021-08-07,4,741.0
1120,Alyssa,Rodriguez,73030.01,2020-04-02,12,348.0
1121,Darren,Padilla,61772.03,2021-09-26,32,939.0
1122,John,Ramirez,100084.78,2023-11-25,13,462.0
1123,Thomas,Smith,88055.71,2017-03-15,9,252.0
1124,Michael,Shepherd,69417.09,2024-05-09,17,1000.0
1125,Kenneth,Coleman,84451.89,2023-12-11,22,865.0
1126,Brian,Robinson,49493.87,2022-02-28,38,974.0
1127,Brandon,Leach,42640.45,2016-12-06,14,444.0
1128,Morgan,Dougherty,39251.92,2023-09-11,44,1054.0
1129,William,Schneider,67906.61,2017-02-22,43,696.0
1130,Kristen,Brown,74922.7,2024-07-21,32,689.0
1131,Joel,Cox,104367.26,2020-03-28,4,867.0
1132,Dustin,Watts,63158.85,2024-10-11,50,1093.0
1133,Nicholas,Smith,39141.97,2024-05-28,41,31.0
1134,Crystal,Allen,113962.63,2022-06-11,7,34.0
1135,John,Goodman,66991.56,2016-04-14,32,1106.0
1136,Tiffany,Wilkins,47709.12,2016-03-05,29,3.0
1137,Jamie,Schroeder,34459.9,2018-03-01,48,858.0
1138,Andrew,Mckinney,66083.8,2016-09-18,45,977.0
1139,Jon,Hernandez,88578.46,2021-10-31,34,437.0
1140,Thomas,Coleman,114688.18,2016-11-22,10,612.0
1141,Samantha,Obrien,38765.87,2024-08-27,12,365.0
1142,Marc,Maldonado,78529.02,2015-12-20,26,913.0
1143,Jason,Gonzalez,111055.35,2021-08-09,21,907.0
1144,Nathan,Robinson,34891.68,2017-08-30,32,51.0
1145,Heather,Boyer,107087.7,2017-10-23,1,344.0
1146,Gary,Maxwell,106490.69,2017-10-23,7,476.0
1147,Nicholas,Smith,63536.1,2020-12-30,7,672.0
1148,Kendra,Cunningham,55037.86,2019-03-10,23,313.0
1149,John,Reynolds,87893.61,2024-04-07,37,90.0
1150,Janice,Guzman,63268.76,2025-04-22,49,666.0
1151,Andrew,Ochoa,30470.14,2025-08-18,26,585.0
1152,Megan,Reyes,103240.78,2021-12-16,40,771.0
1153,Michele,Rodriguez,40507.1,2020-06-11,49,881.0
1154,Austin,Douglas,85273.56,2024-07-15,16,1060.0
1155,Erika,Holloway,37953.22,2020-01-16,36,1099.0
1156,Jeff,Hutchinson,63418.65,2024-09-09,16,527.0
1157,Jose,Sullivan,54737.23,2017-10-01,41,719.0
1158,Stephanie,Watson,30459.57,2017-08-01,41,800.0
1159,Edward,Oconnor,117660.42,2025-06-06,9,651.0
1160,Caleb,Velazquez,78838.15,2022-09-22,16,783.0
1161,Christian,Swanson,112746.44,2019-01-28,10,1158.0
1162,Betty,Wilkins,61995.24,2025-03-14,31,1116.0
1163,Matthew,Ayers,42209.0,2020-03-09,32,421.0
1164,James,Vincent,39775.41,2024-01-07,44,205.0
1165,Anna,Whitaker,119724.16,2019-08-20,38,31.0
1166,Christine,Martin,56700.71,2021-05-30,40,983.0
1167,Brandy,Mcintosh,53286.24,2024-06-03,13,234.0
1168,Christina,Waters,74726.97,2022-02-15,27,84.0
1169,Katelyn,Owens,89132.45,2018-01-26,11,481.0
1170,Charles,Grant,115923.81,2021-09-13,18,1075.0
1171,Susan,Howard,42127.2,2019-02-15,43,768.0
1172,Angela,Cruz,100920.76,2023-11-09,13,904.0
1173,Vanessa,Maldonado,51254.86,2023-06-09,8,10.0
1174,Alison,Rice,44482.5,2016-05-20,38,686.0
1175,Deborah,Carson,59567.17,2017-05-11,48,593.0
1176,Maria,Mckinney,34784.27,2022-12-04,3,715.0
1177,Michael,Bartlett,117194.2,2016-06-19,46,404.0
1178,Isaac,Meyer,86135.82,2021-02-23,31,794.0
1179,Paul,Hines,106067.34,2023-02-21,9,288.0
1180,Darlene,Robinson,66958.5,2020-05-12,21,1145.0
1181,Wendy,Jennings,98565.54,2016-04-15,22,1072.0
1182,Robin,Jackson,100009.63,2018-05-29,14,127.0
1183,David,Moore,109164.32,2018-09-10,12,25.0
1184,Alexander,Jones,53098.1,2015-09-18,22,500.0
1185,Edwin,Lang,112228.09,2019-03-10,8,141.0
1186,Brandon,Vazquez,34664.34,2019-03-06,36,939.0
1187,Shirley,Evans,82947.44,2019-03-07,50,133.0
1188,Richard,Thompson,42634.68,2021-08-15,6,685.0
1189,Andrew,Allen,68708.66,2025-03-25,22,1133.0
1190,Alec,Pittman,99848.99,2016-07-13,17,624.0
1191,Michael,Lucas,76848.01,2015-10-16,16,227.0
1192,Crystal,Cook,30006.82,2016-07-13,33,349.0
1193,Maria,Taylor,37047.75,2025-09-06,39,138.0
1194,Robert,Rodriguez,34087.71,2021-05-11,31,434.0
1195,Jody,Clay,31243.82,2024-06-20,4,804.0
1196,Mary,Austin,34050.48,2016-03-14,3,16.0
1197,Sherry,Arnold,31171.3,2017-04-05,27,770.0
1198,Angela,Clay,43882.6,2025-03-18,31,324.0
1199,Brian,Rowland,62348.96,2018-09-20,14,1159.0
1200,April,Miller,82045.04,2018-01-29,9,1114.0
1201,Lynn,Smith,92967.99,2018-02-01,9,147.0
1202,Derek,Spencer,82228.44,2017-10-01,35,68.0
1203,Anna,Jones,44992.46,2023-04-29,49,734.0
1204,Heather,Perez,67308.49,2020-05-29,34,533.0
1205,Michael,Hahn,47811.31,2016-10-05,9,202.0
1206,Sean,Goodwin,84332.76,2025-04-19,46,339.0
1207,Clayton,Thompson,43720.75,2019-06-12,15,72.0
1208,Brittany,Martinez,116289.88,2019-08-23,19,1055.0
1209,Yvonne,Gordon,98806.14,2024-07-05,23,1184.0
1210,Courtney,Rodriguez,91592.94,2023-02-13,48,906.0
1211,Jeffrey,Michael,43727.29,2022-12-24,50,313.0
1212,Daniel,West,55963.2,2025-08-09,47,623.0
1213,Gina,Mills,41301.54,2022-01-10,21,476.0
1214,Latasha,Williams,81257.29,2023-01-17,49,910.0
1215,Mark,Burns,61400.38,2022-08-26,45,652.0
1216,Jesse,Jordan,65316.41,2019-01-27,13,499.0
1217,Pedro,Clark,75322.01,2021-06-12,27,299.0
1218,Michael,Stewart,70494.62,2018-10-02,11,960.0
1219,Andre,James,32968.97,2018-03-17,39,745.0
1220,Sonya,White,95916.02,2019-01-02,2,1092.0
1221,Richard,Garcia,39431.47,2020-07-31,47,802.0
1222,Tyler,Hall,108415.43,2024-08-16,42,801.0
1223,Miranda,Watson,44943.48,2019-01-11,3,993.0
1224,Cheryl,Lowery,79315.54,2024-02-16,18,738.0
1225,Brendan,Lynn,110976.96,2023-11-05,37,577.0
1226,Harold,Vasquez,32033.02,2019-07-10,45,1040.0
1227,Karen,Park,92146.09,2025-01-09,31,160.0
1228,Leah,Torres,71455.27,2016-06-22,19,412.0
1229,Carol,Mcmillan,36381.02,2022-09-08,29,553.0
1230,Deanna,Stein,76374.23,2024-07-12,22,287.0
1231,Victoria,Kelley,98106.09,2020-11-30,39,589.0
1232,Raven,Anderson,104540.67,2019-06-24,15,373.0
1233,Michael,Trevino,96514.63,2016-11-27,45,48.0
1234,Robert,Nunez,85504.69,2023-06-28,8,560.0
1235,Michael,Torres,114359.4,2017-09-02,22,509.0
1236,Samantha,Washington,107593.7,2024-04-17,39,792.0
1237,Janet,Patterson,96719.92,2018-12-17,37,894.0
1238,Peter,Hansen,95202.92,2016-08-05,30,859.0
1239,Benjamin,Salinas,68586.53,2017-10-09,19,752.0
1240,Howard,Williams,84289.58,2015-09-21,9,1052.0
1241,Mark,Hoffman,45119.62,2018-08-25,19,227.0
1242,Debbie,Rodriguez,77366.4,2017-10-27,47,390.0
1243,Miguel,Owen,47477.11,2025-02-18,45,520.0
1244,Juan,Perez,42272.25,2015-10-23,2,166.0
1245,Patrick,Davis,92364.14,2024-03-18,28,444.0
1246,Mary,Castillo,71486.49,2021-10-22,19,563.0
1247,Brandi,Davis,50602.19,2015-12-24,19,229.0
1248,Amy,Kelley,38957.71,2023-01-27,32,767.0
1249,Cole,Curry,96078.1,2021-11-11,21,895.0
1250,Joseph,Johns,47236.22,2020-12-27,22,138.0
1251,Kelly,Harper,119618.72,2016-06-14,46,1095.0
1252,Tanya,May,119831.42,2016-11-22,5,991.0
1253,Jerry,Stewart,56134.72,2016-07-03,27,164.0
1254,Kristin,Hall,68216.79,2023-12-30,27,1069.0
1255,Ralph,Warner,98191.6,2021-06-12,2,1175.0
1256,Alexander,Lambert,69353.43,2018-11-03,20,46.0
1257,Billy,Arroyo,36186.78,2023-08-08,27,240.0
1258,Michele,Smith,97377.79,2019-08-01,48,17.0
1259,Todd,Adams,108070.35,2023-05-04,49,88.0
1260,Cynthia,Miller,97812.18,2015-11-13,18,710.0
1261,William,Stephens,114970.12,2017-11-02,20,610.0
1262,Martha,Lopez,69137.12,2023-02-07,5,627.0
1263,Ricky,Hernandez,105861.44,2022-04-19,32,1014.0
1264,Tara,Perez,65702.67,2019-08-06,27,371.0
1265,James,Whitaker,85387.93,2022-09-10,9,890.0
1266,Wesley,Foster,95254.45,2022-12-17,50,462.0
1267,John,Thompson,89576.75,2022-06-27,15,105.0
1268,Dan,Sanchez,101711.83,2025-08-09,27,28.0
1269,Mark,Garner,113213.91,2024-06-17,18,1140.0
1270,Cheryl,Anderson,49842.84,2018-12-22,34,299.0
1271,Lisa,Wilkins,99066.39,2016-04-14,44,860.0
1272,Lynn,Randall,49078.33,2016-12-05,6,1269.0
1273,Lori,Moss,39389.34,2020-05-09,13,665.0
1274,Megan,Burke,92775.1,2016-02-23,4,432.0
1275,Nathan,Stokes,106745.82,2017-12-14,28,856.0
1276,Timothy,Moore,79616.15,2016-04-17,17,82.0
1277,Catherine,Jones,92038.95,2019-03-19,30,1210.0
1278,Frank,Strickland,40235.42,2019-02-13,49,610.0
1279,Charlotte,Montoya,43494.77,2015-11-25,23,157.0
1280,Melanie,Nunez,81029.93,2022-01-16,28,1249.0
1281,Kristen,Adams,52861.97,2019-05-09,11,667.0
1282,Sara,Davis,35887.17,2020-10-07,30,804.0
1283,Jeff,Thompson,105871.43,2024-07-27,26,233.0
1284,Ethan,Miller,77176.02,2024-02-17,8,594.0
1285,Michael,Brady,106281.3,2024-02-07,49,998.0
1286,Megan,Barnes,84186.6,2016-08-13,22,512.0
1287,Rita,Michael,94092.51,2018-03-22,28,109.0
1288,Brandy,Thompson,95645.99,2020-12-21,27,882.0
1289,Anna,Nielsen,86208.44,2017-06-22,11,1139.0
1290,Jessica,Perez,77789.29,2023-12-03,46,946.0
1291,Emily,Smith,55298.62,2020-02-05,13,884.0
1292,Justin,Ruiz,43105.13,2019-05-07,43,1121.0
1293,Sylvia,Richardson,35370.3,2020-10-25,25,1005.0
1294,Timothy,Green,118824.29,2021-10-18,50,471.0
1295,David,Watkins,42132.75,2020-02-13,24,795.0
1296,Megan,Wood,43456.93,2018-03-29,1,985.0
1297,Brian,Contreras,37522.62,2016-11-30,28,738.0
1298,Richard,Hull,108550.41,2019-01-18,12,667.0
1299,Robert,Stewart,91656.8,2018-07-19,21,1144.0
1300,Matthew,Gomez,77258.99,2017-03-08,47,144.0
1301,Johnny,Williams,116323.62,2022-03-19,41,1016.0
1302,Diana,Mccoy,93974.62,2016-04-05,15,870.0
1303,Jeremy,Clark,72890.86,2018-09-02,19,336.0
1304,Rachel,Griffin,56550.6,2017-08-30,12,697.0
1305,Russell,Myers,100641.45,2019-12-06,29,127.0
1306,Walter,Villa,69692.38,2024-07-03,2,315.0
1307,Patrick,Velazquez,79577.76,2017-05-11,46,1302.0
1308,Andrew,Jackson,81405.01,2024-10-14,42,969.0
1309,Michael,Miller,68065.76,2020-12-30,47,111.0
1310,Tiffany,Poole,97646.35,2015-11-24,25,594.0
1311,Larry,Cooper,46328.56,2019-02-26,28,894.0
1312,Jessica,Clarke,32310.42,2023-01-01,45,510.0
1313,Matthew,Sexton,61967.81,2023-02-17,9,815.0
1314,Maria,Rose,88130.58,2024-01-10,33,416.0
1315,Patrick,Holmes,74926.24,2018-07-30,46,11.0
1316,Martin,Pena,53546.8,2017-11-03,45,418.0
1317,Desiree,Morgan,68612.96,2024-07-02,32,624.0
1318,David,Sexton,75990.29,2021-06-29,18,42.0
1319,Erica,Green,73485.32,2020-02-10,29,1256.0
1320,Gabriel,Johnson,62365.9,2025-04-13,26,510.0
1321,Daniel,Black,37972.46,2023-03-12,35,1030.0
1322,Michael,Fleming,84453.78,2021-12-03,2,888.0
1323,Beth,Chandler,39417.15,2024-02-16,4,1144.0
1324,Kelly,Stevens,90167.55,2016-08-24,37,730.0
1325,Denise,Harris,73910.4,2023-10-20,36,1301.0
1326,Jason,Roberts,38517.48,2017-02-20,25,312.0
1327,Jane,Allen,92225.34,2025-04-24,42,248.0
1328,Chase,Cole,59194.67,2018-04-07,16,1195.0
1329,Abigail,Hughes,53421.43,2023-04-27,26,489.0
1330,Amy,Cisneros,94033.04,2018-01-11,6,924.0
1331,Andre,Jones,69716.28,2022-04-15,12,429.0
1332,Jennifer,Guerra,106727.53,2020-01-28,22,554.0
1333,Dawn,Jackson,35756.39,2023-08-01,36,94.0
1334,Destiny,Cortez,66005.31,2017-01-28,21,612.0
1335,Michelle,Miles,50732.31,2022-04-22,48,1249.0
1336,Jesse,Allen,74203.64,2017-05-27,41,671.0
1337,Lori,Hernandez,117844.81,2022-10-09,35,944.0
1338,John,Simmons,68872.43,2016-04-30,22,184.0
1339,Daniel,Coleman,92667.75,2017-06-06,2,516.0
1340,Joshua,Lambert,40158.38,2016-09-12,13,413.0
1341,Stephen,Joseph,119370.43,2018-02-22,45,342.0
1342,Michael,Owen,56778.33,2024-10-08,32,214.0
1343,Lisa,Boyd,105461.03,2022-11-02,34,590.0
1344,Tony,Smith,119155.51,2018-12-26,8,273.0
1345,Gregory,Alvarez,68945.76,2020-08-21,16,705.0
1346,Brittany,Martinez,110289.51,2021-02-07,36,953.0
1347,Sheri,Shields,108397.11,2016-07-25,22,1201.0
1348,Brandon,Werner,46510.75,2020-06-10,2,1227.0
1349,Charlene,Castillo,83291.91,2019-10-31,16,1220.0
1350,Marc,Parks,30500.86,2020-11-18,24,1231.0
1351,Patrick,Cabrera,60315.15,2020-05-17,20,145.0
1352,Erica,Sherman,109331.82,2021-05-15,10,655.0
1353,Sydney,Moore,110639.67,2018-02-25,30,1105.0
1354,Joshua,Brady,46053.16,2018-05-13,5,321.0
1355,Rodney,Alexander,118413.11,2015-10-05,42,866.0
1356,Thomas,Lamb,65532.76,2024-04-16,38,595.0
1357,James,Schwartz,63560.07,2021-01-12,37,137.0
1358,Robert,Bullock,59994.61,2021-11-27,39,891.0
1359,Robert,Nelson,63363.54,2015-10-21,28,360.0
1360,Richard,Graves,83780.04,2020-10-24,28,272.0
1361,Michael,Thomas,63862.85,2025-08-20,17,482.0
1362,Kenneth,Chen,55261.39,2020-09-03,37,312.0
1363,Kyle,Curtis,63455.21,2018-10-29,47,1156.0
1364,Andrew,Walker,83347.46,2022-08-22,23,616.0
1365,Anthony,Benson,43215.88,2023-10-19,26,1262.0
1366,Gregory,Hayes,106762.43,2020-01-12,40,1094.0
1367,Jacqueline,Hicks,31800.94,2024-01-03,20,1347.0
1368,Anthony,Walker,115668.47,2017-04-15,48,528.0
1369,Erin,Shaw,79417.49,2021-09-12,27,600.0
1370,Kevin,Rivera,35321.58,2017-10-22,28,715.0
1371,Amanda,Morales,65371.01,2021-05-04,14,1029.0
1372,Bryan,Galvan,50847.49,2023-02-23,11,208.0
1373,Adam,Jackson,67395.27,2018-10-17,10,772.0
1374,Kimberly,Graham,31540.63,2023-07-19,5,329.0
1375,Ryan,Stevens,103080.98,2017-11-05,44,1295.0
1376,Katrina,Miller,77335.39,2018-04-16,26,533.0
1377,Kathy,Decker,54480.28,2017-06-09,38,1247.0
1378,Laura,Cunningham,73229.93,2016-06-18,38,976.0
1379,Rachel,Lynch,82715.81,2020-07-11,2,824.0
1380,Keith,Marshall,105799.8,2022-02-28,44,1067.0
1381,Stephanie,Ritter,83871.99,2020-01-22,20,756.0
1382,Jennifer,Trujillo,45491.28,2023-10-29,39,99.0
1383,Nathan,Murphy,64848.85,2022-03-21,12,897.0
1384,Justin,Hart,60989.85,2022-07-20,16,145.0
1385,James,Cook,104622.15,2022-06-22,29,659.0
1386,Crystal,Phillips,57101.57,2017-11-01,7,351.0
1387,Alex,Dalton,60998.88,2016-01-25,17,308.0
1388,Ian,Johnson,86382.68,2019-07-13,30,668.0
1389,Jody,Hurley,60036.4,2025-03-31,5,393.0
1390,John,Buchanan,79673.53,2022-06-07,24,1281.0
1391,Donald,Vasquez,35473.38,2024-08-28,16,1099.0
1392,Rebecca,Schultz,108699.77,2024-12-18,3,1134.0
1393,Daniel,Michael,94249.35,2019-11-07,17,1189.0
1394,Adriana,Baldwin,37440.27,2023-04-11,7,466.0
1395,Gerald,Perez,77775.26,2022-11-21,40,148.0
1396,Gary,Smith,52359.17,2016-03-24,42,860.0
1397,Amy,Harrison,109289.37,2016-11-12,6,1381.0
1398,Taylor,Waters,103685.6,2024-03-12,11,7.0
1399,Heidi,Lee,119884.48,2023-08-15,21,315.0
1400,Jessica,Wood,100607.53,2020-02-02,22,181.0
1401,Carol,Parker,83526.49,2015-11-05,23,901.0
1402,Scott,Thomas,66183.1,2024-07-03,1,417.0
1403,Taylor,Johnson,40505.82,2019-05-27,49,274.0
1404,Keith,White,89296.59,2019-08-29,32,1144.0
1405,Jeffrey,King,85451.83,2022-05-11,47,1250.0
1406,Julie,Hardy,41204.02,2025-08-02,49,1355.0
1407,James,Dunn,82867.69,2017-03-10,18,135.0
1408,Lisa,Davidson,65276.38,2016-12-08,7,724.0
1409,Karen,Miller,51911.4,2020-01-18,49,607.0
1410,Zachary,Gibbs,67710.17,2015-12-22,50,365.0
1411,Stephen,Hancock,99645.97,2023-04-21,24,1245.0
1412,Anna,Jensen,39866.54,2021-09-02,38,808.0
1413,Gloria,Buck,72625.05,2021-08-26,31,158.0
1414,Barbara,Mitchell,71533.27,2022-08-08,39,584.0
1415,Justin,Davis,58938.99,2015-11-11,38,600.0
1416,Ashley,Moon,99254.02,2019-10-14,7,1280.0
1417,Anthony,Ramsey,39987.72,2017-08-04,12,793.0
1418,Nathan,Ayala,64515.81,2019-06-07,40,744.0
1419,John,Clark,38390.8,2022-10-18,21,480.0
1420,Mark,Carr,92178.81,2017-05-23,50,990.0
1421,Jessica,Thomas,98374.69,2023-09-28,45,603.0
1422,Christopher,Myers,103809.11,2023-08-13,31,852.0
1423,Eric,Alexander,104229.78,2023-12-27,23,1272.0
1424,Danny,Murphy,73571.3,2023-12-07,28,793.0
1425,Tina,Dickerson,117294.39,2015-10-27,29,256.0
1426,Nicole,Reid,106721.43,2018-10-10,8,533.0
1427,Gabriel,Summers,55630.79,2017-10-13,4,895.0
1428,Jason,Clark,50532.26,2021-10-25,24,1119.0
1429,William,Chavez,59572.78,2021-03-30,27,456.0
1430,Gina,Clayton,53885.21,2018-04-04,19,672.0
1431,Anna,Harper,80899.23,2025-05-08,33,773.0
1432,Mandy,Brooks,78497.84,2018-10-21,22,275.0
1433,Paul,Bond,100391.11,2017-03-14,37,1182.0
1434,Julian,Gordon,68610.95,2017-10-21,39,290.0
1435,Richard,Hanna,68361.05,2017-05-31,10,239.0
1436,Crystal,Buckley,78709.86,2023-10-16,9,236.0
1437,Annette,Bennett,75304.34,2019-08-18,44,1006.0
1438,Larry,Pena,69118.2,2022-09-02,48,1009.0
1439,Brandy,Smith,42613.68,2024-03-26,14,939.0
1440,Cody,Alvarado,88370.31,2019-05-05,35,95.0
1441,William,Greene,97745.52,2019-06-22,2,1165.0
1442,David,Vargas,67908.45,2022-08-05,26,227.0
1443,Monica,Petersen,55829.19,2017-02-03,15,623.0
1444,Anthony,Hogan,103929.29,2018-12-04,45,453.0
1445,Chelsea,Morgan,112430.4,2022-10-01,39,405.0
1446,Amanda,Pena,114002.66,2017-05-15,5,830.0
1447,Leslie,Rodriguez,46101.87,2024-05-13,50,1112.0
1448,Kimberly,Sosa,79866.21,2024-12-02,34,616.0
1449,Diane,Baker,30933.35,2021-04-16,31,1260.0
1450,Lorraine,Kennedy,76819.23,2022-12-30,29,423.0
1451,Scott,Willis,75944.68,2019-03-09,19,807.0
1452,Ronald,Jensen,41812.25,2019-07-16,20,106.0
1453,Christy,Waller,48442.25,2018-11-03,22,975.0
1454,Laura,Robbins,57366.95,2020-08-31,30,817.0
1455,Kristina,Parker,30781.17,2019-10-16,3,478.0
1456,Paul,Wells,95853.97,2024-01-11,10,287.0
1457,Matthew,Sandoval,108029.92,2017-08-05,37,471.0
1458,Dana,Morales,105564.67,2025-01-27,40,1083.0
1459,Stacey,George,103819.97,2024-08-19,20,667.0
1460,Kristopher,Douglas,74183.25,2025-04-25,29,91.0
1461,Bryan,Martin,64692.82,2021-09-24,27,1281.0
1462,Rhonda,Savage,88594.38,2020-01-17,26,30.0
1463,Adrian,Dixon,32086.04,2016-10-01,18,941.0
1464,Kevin,Martin,115965.93,2016-07-04,19,778.0
1465,Jared,Riley,75719.37,2024-05-22,45,12.0
1466,Lauren,Lambert,93864.64,2017-07-27,16,1244.0
1467,Zoe,Ritter,55529.22,2017-12-03,41,520.0
1468,Kenneth,Mclaughlin,64075.86,2017-09-04,49,156.0
1469,Christopher,Young,114295.95,2019-11-11,17,657.0
1470,Veronica,Thomas,76380.04,2024-05-05,5,51.0
1471,Christopher,Pennington,100917.07,2020-04-07,29,1192.0
1472,James,Manning,100865.51,2023-12-19,12,1147.0
1473,David,Anderson,45073.69,2017-01-26,3,290.0
1474,Greg,Solomon,114266.87,2021-04-02,30,494.0
1475,Courtney,Jackson,53441.26,2024-08-01,4,1028.0
1476,Melanie,Taylor,51543.92,2017-10-27,18,297.0
1477,Sarah,Adams,54207.06,2017-05-30,39,377.0
1478,Ronald,Richards,40966.36,2022-06-18,40,264.0
1479,Robert,Clark,63966.47,2023-04-12,7,662.0
1480,Caitlin,Nash,33511.06,2024-05-08,46,290.0
1481,Steven,Jones,77995.82,2022-12-20,10,1380.0
1482,Ryan,Morris,87043.99,2017-08-18,37,13.0
1483,Brad,Edwards,73460.04,2023-03-12,35,113.0
1484,Paul,Leonard,66537.82,2018-09-18,11,531.0
1485,Shelia,Yu,89842.73,2019-10-27,15,397.0
1486,Joseph,Jensen,67651.71,2021-01-22,8,896.0
1487,Kelly,Ramirez,36943.79,2016-08-09,25,654.0
1488,Rachael,Jones,84771.95,2020-01-27,10,648.0
1489,Christina,Adams,65509.38,2019-04-09,40,1058.0
1490,Mark,White,62235.48,2025-09-10,14,361.0
1491,William,Hernandez,114194.12,2019-07-02,22,465.0
1492,Christopher,Leonard,50004.28,2025-08-19,46,666.0
1493,Matthew,Cole,51726.82,2018-06-04,12,420.0
1494,Raymond,Middleton,38516.3,2023-02-02,34,328.0
1495,Julie,Scott,47240.22,2025-07-21,9,622.0
1496,Eric,Bryan,58299.97,2023-07-22,23,594.0
1497,Kim,Kane,60359.5,2018-08-21,9,1413.0
1498,Nicole,Sanchez,108654.11,2024-11-26,8,10.0
1499,Jonathan,Miller,116773.29,2017-01-12,4,866.0
1500,James,Davidson,101680.34,2019-05-24,42,994.0
1501,James,Petersen,93922.46,2018-07-15,13,709.0
1502,Timothy,Lyons,43740.3,2017-01-03,5,1238.0
1503,Jennifer,Flynn,76605.6,2025-08-14,17,205.0
1504,Terrence,Johnson,62441.84,2016-01-28,14,1394.0
1505,Tina,Warner,64682.6,2022-01-01,50,93.0
1506,Gregory,Humphrey,110106.52,2015-12-29,25,95.0
1507,Paul,Andrews,79788.37,2022-12-08,6,867.0
1508,Norma,Martinez,91527.94,2025-03-14,10,26.0
1509,Bonnie,Turner,114663.18,2017-11-02,22,117.0
1510,Richard,Buchanan,100786.58,2017-11-17,43,586.0
1511,Robin,Curry,100503.05,2022-05-03,44,767.0
1512,Nicole,Wallace,95990.12,2017-10-24,38,1048.0
1513,Steven,Mack,61591.62,2016-03-02,49,1294.0
1514,Heather,Davis,83028.39,2023-01-25,20,1115.0
1515,Tamara,Delgado,76913.68,2020-01-02,1,28.0
1516,Bryan,Hubbard,55298.66,2017-05-10,13,477.0
1517,Cory,Medina,54177.44,2021-06-03,27,1512.0
1518,Christopher,Ross,72720.22,2021-12-06,35,1037.0
1519,Michael,Sullivan,39130.05,2016-08-06,11,1086.0
1520,Juan,Garcia,76281.16,2024-10-30,36,820.0
1521,Stacey,Bruce,73028.9,2020-09-22,49,686.0
1522,Michaela,Johnson,102091.17,2020-06-28,26,987.0
1523,Eric,Miller,66499.25,2024-08-03,48,773.0
1524,Rebecca,Mitchell,99213.11,2022-10-28,42,462.0
1525,Kathleen,Davis,61597.48,2017-05-19,3,1520.0
1526,Daniel,Farley,40282.01,2019-02-11,27,58.0
1527,Richard,Levine,75951.97,2024-07-20,49,783.0
1528,Alexis,Miranda,114904.37,2025-01-10,8,1266.0
1529,Michelle,Trevino,68617.37,2015-12-20,15,379.0
1530,Ariel,Ibarra,92857.78,2017-05-09,32,102.0
1531,Bryan,Nelson,108584.57,2020-12-13,7,930.0
1532,Lauren,Norton,45120.6,2021-12-14,37,96.0
1533,Thomas,Daniels,88592.6,2016-03-23,34,1001.0
1534,Ashley,Andrews,104691.04,2021-11-19,46,10.0
1535,Melissa,Humphrey,89289.0,2024-04-22,40,1459.0
1536,Jeff,Martinez,97897.78,2022-02-23,18,857.0
1537,Jill,King,55698.83,2025-06-19,7,176.0
1538,Michael,Hall,89787.38,2025-01-05,13,371.0
1539,Karen,Christensen,96510.17,2017-07-11,18,1481.0
1540,Allison,Deleon,110762.45,2023-02-26,13,1486.0
1541,Jeffrey,Skinner,83982.52,2022-02-14,13,841.0
1542,Nicole,Ramirez,88212.21,2024-11-25,33,233.0
1543,Joanna,Bush,114787.94,2021-04-01,33,664.0
1544,Julie,Weiss,41278.45,2016-05-19,41,932.0
1545,James,Black,118764.51,2016-02-26,25,501.0
1546,Melissa,Durham,84048.87,2016-09-23,39,1288.0
1547,Mark,Holder,90894.78,2024-09-29,8,763.0
1548,Colton,Hughes,65274.41,2024-12-22,32,604.0
1549,Andrew,Ellis,61874.32,2024-08-05,39,885.0
1550,Megan,Baird,115614.25,2017-07-23,16,897.0
1551,Julia,Roy,97843.92,2016-06-08,6,78.0
1552,Kim,Foster,36786.79,2025-07-12,4,1166.0
1553,Gregory,Morris,105981.27,2018-10-10,20,961.0
1554,Keith,Buck,31573.83,2023-09-22,35,1063.0
1555,Mary,Smith,41674.07,2017-08-07,26,717.0
1556,Monica,Stewart,79178.39,2024-09-05,45,227.0
1557,Patrick,Moore,99991.92,2021-04-15,12,700.0
1558,Mark,Williams,108876.27,2018-02-03,23,1227.0
1559,Tammy,Mitchell,71137.23,2023-02-16,42,99.0
1560,Tammy,Gardner,40188.61,2017-02-12,19,355.0
1561,Madeline,Martinez,33213.97,2022-08-02,14,813.0
1562,Angela,Bailey,44276.3,2021-01-06,19,109.0
1563,Casey,Doyle,112892.4,2019-01-02,11,232.0
1564,Michelle,Johnson,116402.18,2022-12-20,3,964.0
1565,Kimberly,Wilson,111196.52,2017-10-04,37,82.0
1566,Robin,Frye,55591.97,2017-12-12,2,885.0
1567,Barry,Wong,35874.9,2015-09-14,14,998.0
1568,Whitney,Berry,63208.0,2021-07-25,21,444.0
1569,Julie,Griffin,32371.13,2022-01-21,46,214.0
1570,Sarah,Robinson,98993.1,2019-07-25,41,1123.0
1571,Rhonda,Sims,114222.35,2022-04-13,6,1138.0
1572,John,Saunders,75175.96,2016-01-04,22,1425.0
1573,Mark,Bowman,32393.6,2018-12-14,21,496.0
1574,Christopher,Hampton,49380.11,2018-10-30,31,1488.0
1575,Gregory,Stevens,97548.53,2017-06-06,35,346.0
1576,Jacob,Avery,62892.44,2024-06-11,40,1365.0
1577,Candace,Ball,67150.68,2024-03-12,20,1325.0
1578,Jenny,Nunez,42791.02,2023-05-06,18,1544.0
1579,Lisa,Schultz,72280.75,2016-10-15,24,1049.0
1580,Scott,Johnson,109777.28,2020-07-28,46,964.0
1581,George,Holt,43101.19,2023-12-20,34,448.0
1582,Stacy,Petty,116385.22,2020-05-20,35,1094.0
1583,Mark,Davis,82213.11,2018-10-05,24,342.0
1584,Grace,Stewart,69531.65,2024-03-10,42,1435.0
1585,Brittany,Russell,65110.5,2022-03-22,16,631.0
1586,David,Sanchez,103446.63,2019-09-29,50,940.0
1587,Kimberly,Moore,42238.03,2020-02-28,38,167.0
1588,Deborah,Medina,118873.79,2025-03-02,27,1454.0
1589,Heather,Schmidt,98440.4,2016-08-05,38,1491.0
1590,John,Reid,72678.21,2022-06-14,7,611.0
1591,Lisa,Harris,58124.92,2023-02-25,44,458.0
1592,Francisco,Drake,56172.04,2019-03-18,39,1415.0
1593,Dale,Long,73592.75,2019-02-21,16,233.0
1594,Nathan,Cunningham,89222.48,2021-11-06,34,744.0
1595,Justin,Chambers,41533.57,2025-03-02,2,1164.0
1596,Eric,Williams,54916.09,2017-12-24,50,885.0
1597,Brenda,Smith,89217.99,2024-12-23,5,66.0
1598,Lori,Horne,95719.26,2019-03-29,42,1353.0
1599,Leslie,Beck,113443.81,2024-11-27,15,761.0
1600,Donna,Wilkins,54190.38,2021-05-10,47,824.0
1601,Amy,Jones,42368.65,2017-08-14,13,1455.0
1602,Darryl,Garcia,89792.85,2016-02-15,23,260.0
1603,Bryce,Reyes,99737.41,2022-06-18,33,1556.0
1604,Dana,Delacruz,39065.73,2017-05-19,32,797.0
1605,Tina,Hodges,66470.22,2017-12-06,23,1336.0
1606,Russell,Hernandez,41418.84,2020-07-11,23,280.0
1607,Billy,Barrera,92065.61,2016-05-04,46,1294.0
1608,Curtis,Haley,96258.68,2016-07-11,50,221.0
1609,Lynn,Phillips,69145.69,2017-04-25,1,1328.0
1610,William,Miller,30720.2,2017-12-05,48,963.0
1611,Thomas,Lopez,63753.42,2023-12-02,37,241.0
1612,Rachel,Lopez,33230.57,2017-08-01,33,1217.0
1613,David,Hood,109421.3,2023-04-08,6,189.0
1614,Elizabeth,Davis,55594.27,2016-01-07,14,1108.0
1615,Stephen,Shaffer,30158.8,2020-02-07,43,505.0
1616,Alexis,Diaz,81865.45,2024-08-01,15,1312.0
1617,Charles,Conner,70517.77,2023-09-05,48,758.0
1618,David,Whitney,41871.79,2021-06-02,32,229.0
1619,Victoria,Doyle,96606.05,2018-04-08,6,111.0
1620,Jasmine,Giles,30596.8,2020-07-18,12,948.0
1621,Shelby,Rosales,68129.69,2020-08-28,24,1079.0
1622,Darrell,Gallegos,113591.98,2024-02-21,15,772.0
1623,Beth,Davidson,60801.79,2018-04-04,2,1253.0
1624,Michael,Colon,62376.34,2025-04-17,29,1592.0
1625,Cynthia,Gaines,103218.64,2022-07-28,19,1474.0
1626,Angela,Hamilton,74158.35,2018-10-23,30,1099.0
1627,Dana,Jacobs,95891.69,2021-03-01,39,1270.0
1628,Victoria,Hunter,104831.9,2022-01-29,31,1414.0
1629,Emily,Walter,49366.58,2019-12-13,29,241.0
1630,Shannon,Mcknight,90686.8,2019-06-01,46,202.0
1631,Edward,Cook,66173.36,2015-10-31,27,344.0
1632,Jeffrey,Love,113264.81,2020-05-01,36,534.0
1633,Patrick,Watson,106673.5,2022-08-14,8,291.0
1634,Joan,Williams,113991.63,2024-09-10,44,1005.0
1635,Erik,Marquez,71329.49,2023-02-27,19,781.0
1636,Stephanie,Stephenson,55755.72,2024-02-28,29,458.0
1637,Emily,Sanders,101956.1,2023-07-22,40,1063.0
1638,Gary,Price,48295.58,2021-09-24,30,55.0
1639,Julia,Farmer,51577.5,2024-07-05,42,296.0
1640,Colleen,Ellis,60685.16,2022-04-02,22,1128.0
1641,Brent,Bauer,82751.01,2020-09-01,21,1629.0
1642,Kristi,Garcia,95990.26,2018-06-30,5,329.0
1643,Veronica,Tran,102338.32,2025-04-23,19,806.0
1644,Jennifer,Morrison,77852.31,2020-01-01,42,312.0
1645,Brian,Shepherd,41152.91,2020-12-18,10,911.0
1646,Ashley,Flores,34153.4,2025-09-06,44,216.0
1647,Misty,Neal,60618.47,2023-08-20,5,253.0
1648,Taylor,Thompson,92965.18,2023-01-01,14,1057.0
1649,Cheryl,Wang,65997.63,2018-05-28,34,1389.0
1650,Melissa,Brown,95192.27,2023-05-30,43,328.0
1651,Thomas,Farley,52333.54,2016-12-21,19,537.0
1652,James,Martin,45331.23,2020-02-22,31,1483.0
1653,David,Vaughn,34101.08,2024-09-25,39,739.0
1654,Norma,Brown,110950.1,2018-01-30,34,1126.0
1655,Karen,Moore,60511.13,2016-02-21,41,486.0
1656,Cory,Mendoza,90445.1,2023-10-13,22,565.0
1657,Mindy,Ray,48778.22,2016-12-15,45,260.0
1658,Todd,Johnson,41831.45,2024-05-15,31,1580.0
1659,Gabrielle,Kim,50154.01,2017-09-30,49,835.0
1660,Daniel,Baird,88105.85,2016-09-06,24,894.0
1661,Jeff,Maynard,94302.39,2017-12-27,31,421.0
1662,Katie,Wagner,102371.96,2019-12-01,17,1136.0
1663,Shelby,Tran,97343.31,2019-08-26,17,1170.0
1664,Jonathan,Lee,93731.85,2017-01-23,44,286.0
1665,Andrew,Martin,54691.89,2018-10-23,8,1342.0
1666,Emily,Gray,86204.39,2023-01-31,37,1287.0
1667,Robert,Le,107628.77,2023-10-14,29,301.0
1668,Randy,Brady,78636.85,2022-03-02,9,1461.0
1669,Amber,Watson,57089.33,2021-06-04,5,229.0
1670,Brandi,Robertson,64043.74,2021-07-20,29,979.0
1671,Debbie,Rowland,96240.71,2023-09-23,4,965.0
1672,Madison,Schultz,75704.68,2021-10-14,7,1360.0
1673,Brian,Stout,106707.32,2020-03-22,9,114.0
1674,Jacob,Blevins,57792.22,2023-06-13,8,1316.0
1675,Thomas,Alvarado,31225.18,2020-02-13,38,274.0
1676,Donald,Lucas,107028.63,2021-10-16,31,845.0
1677,Zachary,Huffman,101385.52,2017-04-05,19,949.0
1678,Patrick,Cunningham,67313.81,2023-11-28,3,94.0
1679,Lisa,Ellis,69139.38,2015-10-15,45,922.0
1680,Joe,Lang,96054.61,2024-06-19,34,111.0
1681,Darren,Potter,36370.54,2021-03-31,32,627.0
1682,Mark,Moran,96856.85,2017-04-17,22,1043.0
1683,Kimberly,Sullivan,30558.07,2022-12-22,36,461.0
1684,Stanley,Maynard,99347.31,2021-07-27,5,854.0
1685,Brandon,Ho,107374.37,2025-01-08,23,186.0
1686,Donald,Davis,35542.7,2025-03-05,33,346.0
1687,Jerome,Ortiz,88219.94,2016-11-16,43,415.0
1688,Brenda,Johnson,42033.53,2016-12-18,27,351.0
1689,Jeanette,Washington,33605.47,2015-12-12,25,431.0
1690,Mary,Johnson,45656.67,2022-10-06,1,417.0
1691,Zachary,Barnes,117976.7,2022-10-23,11,1116.0
1692,Nicholas,Mendez,81235.69,2023-12-11,8,549.0
1693,Dorothy,White,41803.98,2017-02-02,2,874.0
1694,Christopher,Gonzalez,111424.92,2019-11-17,46,1420.0
1695,Marie,Wells,33459.4,2022-10-27,12,78.0
1696,Tiffany,Johnson,45135.52,2018-02-04,35,1547.0
1697,Michael,Duncan,56243.18,2023-03-06,2,357.0
1698,Dylan,Garner,97509.81,2017-12-07,28,937.0
1699,Jeffrey,Franklin,31348.65,2018-04-15,6,820.0
1700,Mark,Smith,47682.52,2021-06-07,49,1529.0
1701,Joshua,Nelson,80897.15,2024-11-06,21,1266.0
1702,Amber,Mcdaniel,69543.87,2021-10-18,36,1086.0
1703,Christopher,Jones,108981.59,2023-07-11,21,656.0
1704,Jeffrey,Scott,107249.16,2017-03-25,36,65.0
1705,Amanda,White,95087.59,2023-03-22,20,127.0
1706,Laura,Sanchez,92317.76,2018-04-09,5,1573.0
1707,Christina,Swanson,46316.8,2019-09-26,11,1433.0
1708,Jeffrey,Bailey,100809.08,2016-10-24,28,334.0
1709,Ryan,Butler,107987.78,2024-01-23,40,137.0
1710,Miranda,Russell,94885.04,2023-07-10,1,753.0
1711,Lacey,Lee,99064.78,2016-08-13,37,426.0
1712,Erica,Johnson,103603.33,2024-01-03,28,290.0
1713,Jenna,Singleton,119605.27,2017-06-26,28,71.0
1714,Thomas,Reynolds,63423.22,2020-10-05,50,133.0
1715,Alejandro,Gonzales,53359.46,2024-05-09,2,383.0
1716,John,Smith,44745.99,2020-01-03,5,1479.0
1717,Robin,Rivera,33374.8,2024-08-17,33,125.0
1718,Haley,Porter,99567.87,2023-12-22,2,891.0
1719,Felicia,Crawford,105507.16,2017-08-15,6,167.0
1720,Amber,Gray,117805.68,2023-06-04,3,1488.0
1721,Bryan,Ramirez,49077.64,2021-11-30,8,60.0
1722,Jeffrey,Mccormick,108213.85,2020-06-17,29,318.0
1723,Tammy,Smith,53149.65,2015-12-19,50,1139.0
1724,Arthur,Smith,109734.17,2017-12-10,15,386.0
1725,Samantha,Wade,82737.87,2021-10-01,20,1320.0
1726,Trevor,Beck,96059.81,2020-10-06,29,1064.0
1727,James,Moon,38152.73,2024-08-23,25,1587.0
1728,Mary,Mclaughlin,37775.82,2015-12-29,15,1527.0
1729,Mandy,Mendoza,76230.66,2023-07-06,39,1388.0
1730,Jason,Hudson,56147.41,2017-01-23,38,1136.0
1731,Samantha,Vazquez,117545.94,2017-03-16,24,409.0
1732,Jeffrey,Smith,84482.66,2017-07-28,16,1096.0
1733,Tiffany,Gray,45303.04,2016-06-03,2,1491.0
1734,James,Morrison,39508.07,2023-11-11,44,198.0
1735,Jessica,Rubio,77645.7,2021-03-14,2,972.0
1736,Jessica,Saunders,93093.58,2015-10-15,5,1319.0
1737,Sarah,Scott,117196.07,2020-06-14,49,524.0
1738,Karen,Castro,56218.39,2018-02-27,6,112.0
1739,Jessica,Davis,108961.77,2018-07-21,22,1415.0
1740,Joshua,Wang,69865.97,2023-11-23,27,931.0
1741,Jennifer,Weiss,31183.97,2025-04-28,18,1307.0
1742,Jesse,Smith,89436.69,2016-08-09,36,114.0
1743,Lindsay,Thomas,80740.32,2020-06-26,15,1136.0
1744,Jacob,Wilkerson,56947.78,2020-09-19,36,896.0
1745,Michael,Kent,71875.96,2019-04-27,18,522.0
1746,Alyssa,Rocha,83035.74,2024-07-31,12,984.0
1747,David,Wells,55618.52,2018-08-21,23,1049.0
1748,Cynthia,Murphy,99515.87,2016-09-19,48,1155.0
1749,Nicholas,Duncan,44146.49,2016-05-26,14,818.0
1750,Melissa,Dixon,56312.39,2021-06-18,6,282.0
1751,Timothy,Drake,76677.3,2022-02-20,25,521.0
1752,Jennifer,Oconnell,119696.5,2015-10-15,39,389.0
1753,Robert,Larson,100887.7,2019-03-19,30,307.0
1754,Robert,Davis,42413.11,2024-09-18,29,297.0
1755,Paul,Taylor,44800.76,2025-07-11,12,1481.0
1756,Shelly,Castro,34234.77,2022-07-19,11,1097.0
1757,Meghan,Garcia,61107.56,2025-07-31,45,42.0
1758,Thomas,Rocha,52169.2,2023-01-20,2,930.0
1759,Ryan,Gentry,117719.37,2021-08-25,37,1246.0
1760,Kathryn,Cordova,95774.09,2020-07-22,2,734.0
1761,April,Harvey,88500.73,2023-05-16,20,764.0
1762,Wyatt,King,103837.54,2023-04-12,45,571.0
1763,Lauren,Jones,68077.95,2019-03-03,26,1097.0
1764,Paul,Brown,32239.18,2019-05-24,28,558.0
1765,Dana,Bradley,70131.11,2017-03-17,47,1642.0
1766,Mark,Smith,66366.95,2023-03-12,36,316.0
1767,Kelsey,Parker,99134.81,2016-10-28,31,1729.0
1768,Alicia,Banks,76470.23,2015-09-29,6,567.0
1769,Julie,Moore,79721.02,2023-06-12,21,987.0
1770,Andrew,Church,85493.03,2024-12-04,5,717.0
1771,Timothy,Miller,95680.66,2018-07-26,33,179.0
1772,Willie,Benson,50145.02,2022-01-16,5,1476.0
1773,Andrew,Rivera,75107.6,2020-04-08,4,272.0
1774,Sarah,Lang,36146.67,2020-07-26,29,1500.0
1775,Samuel,Hughes,96251.48,2021-04-20,47,1745.0
1776,Erika,Fisher,46316.02,2020-12-15,44,1220.0
1777,Pam,Anderson,74190.55,2023-07-29,38,538.0
1778,Joshua,Wise,112902.11,2020-09-17,16,163.0
1779,Victor,Avila,90886.43,2024-04-18,4,831.0
1780,Christy,Horn,46334.64,2025-03-18,2,276.0
1781,Samantha,Anderson,35138.98,2023-12-19,30,20.0
1782,Rebecca,Mcbride,103105.16,2021-05-27,3,1504.0
1783,Darryl,Guerrero,45902.69,2024-12-09,48,1261.0
1784,Joseph,Jenkins,51721.91,2025-06-14,43,393.0
1785,Sara,Powell,112865.5,2025-04-06,45,1088.0
1786,Raymond,Frederick,85068.25,2020-10-22,31,921.0
1787,Matthew,Harding,33059.92,2022-09-10,13,1483.0
1788,Karen,Lee,38296.57,2021-06-21,34,770.0
1789,Jacob,Gillespie,119875.15,2021-03-23,11,927.0
1790,Sara,Smith,48453.72,2024-06-28,19,1078.0
1791,Lisa,Christian,109793.17,2018-03-10,17,860.0
1792,Joshua,Garcia,67666.45,2019-06-08,36,570.0
1793,Aaron,Taylor,79114.04,2021-05-11,9,842.0
1794,Jonathan,Landry,98177.41,2021-07-17,14,30.0
1795,Amanda,Ayers,85374.69,2018-09-11,45,1249.0
1796,William,Wells,114072.55,2017-07-06,48,1658.0
1797,William,Powell,112030.46,2023-11-19,3,1314.0
1798,Jamie,Juarez,88433.21,2020-04-21,38,934.0
1799,Michele,Lam,41469.68,2023-10-14,42,727.0
1800,Gina,Glover,39461.07,2024-01-13,17,1487.0
1801,Patrick,Rodriguez,50804.43,2024-06-09,48,869.0
1802,Allison,Hodge,117160.34,2016-09-14,8,23.0
1803,Christopher,Brown,116331.99,2022-09-29,31,899.0
1804,Tamara,Cherry,71775.37,2022-12-18,49,1647.0
1805,Jason,Torres,94741.19,2023-01-16,2,217.0
1806,Megan,Murray,65380.74,2025-05-15,31,1343.0
1807,Wendy,Williams,50312.97,2022-10-01,13,351.0
1808,Michelle,Alvarez,72067.75,2016-01-14,42,203.0
1809,Tammy,Perry,60051.74,2016-05-15,2,211.0
1810,Michele,Williams,106750.11,2021-05-06,9,1105.0
1811,Raymond,Crawford,103179.56,2024-12-19,30,1004.0
1812,Lisa,Nelson,35480.43,2016-01-28,37,43.0
1813,Amy,Vargas,54057.7,2024-11-07,13,501.0
1814,Joshua,Kelly,61337.64,2023-05-22,37,1311.0
1815,Douglas,Willis,78607.17,2019-10-09,31,860.0
1816,Christina,Fuentes,119607.04,2020-04-14,30,437.0
1817,Mitchell,Howell,89300.49,2019-08-14,42,1422.0
1818,Kelsey,Henderson,32306.41,2020-12-13,2,77.0
1819,Abigail,Davis,66962.31,2023-10-25,50,776.0
1820,Frank,Hill,87651.2,2020-11-16,32,285.0
1821,Teresa,Mitchell,67956.19,2023-10-13,45,811.0
1822,James,Gordon,54645.37,2023-12-16,38,803.0
1823,Megan,Henderson,87124.35,2020-05-28,15,1766.0
1824,Brenda,Garrison,53787.9,2017-05-15,36,1046.0
1825,Tara,Weeks,78892.4,2020-02-11,8,242.0
1826,David,Giles,64770.26,2017-06-19,28,233.0
1827,Colin,Kelley,70896.26,2023-03-06,14,486.0
1828,Elizabeth,Hill,101316.16,2020-06-05,11,196.0
1829,Janet,Kerr,116498.86,2017-04-17,29,38.0
1830,Nicholas,Baker,108627.66,2019-01-18,5,162.0
1831,Anna,Robinson,99089.47,2024-07-05,42,1762.0
1832,Mary,Gray,117987.13,2022-04-03,11,613.0
1833,Connor,Miller,105459.37,2025-05-04,38,1072.0
1834,Jeremy,Perkins,118336.12,2024-11-07,2,642.0
1835,John,West,68464.56,2022-02-27,1,68.0
1836,Eric,Petty,119768.68,2017-12-11,43,496.0
1837,Billy,Rowland,68437.85,2023-04-08,18,1204.0
1838,Michael,Bailey,44829.74,2022-01-23,7,1081.0
1839,Tina,Marsh,110253.49,2024-11-04,1,974.0
1840,Lee,Nelson,89601.36,2017-11-12,7,980.0
1841,Emily,Hayes,30371.33,2022-12-28,37,1297.0
1842,Jorge,Pope,87861.98,2022-11-25,39,210.0
1843,Valerie,Hoover,60658.23,2019-07-18,43,991.0
1844,Robert,Barnes,115239.0,2023-04-08,39,1143.0
1845,Jenna,Massey,51455.43,2016-04-10,23,834.0
1846,Teresa,Jones,43526.99,2022-09-10,16,1272.0
1847,Mary,Roberts,107695.01,2017-05-18,50,838.0
1848,Christopher,Davis,69740.87,2020-04-18,22,1492.0
1849,Stephanie,Davis,45529.39,2024-06-14,12,1118.0
1850,Edward,West,42235.51,2017-07-11,47,1308.0
1851,Jason,Randolph,70287.97,2020-08-05,15,142.0
1852,Jason,Walls,45444.69,2022-07-04,29,4.0
1853,Tiffany,Baxter,58871.51,2022-02-05,29,524.0
1854,Karen,Russell,106143.16,2017-12-06,28,117.0
1855,Danielle,Wilson,94407.21,2019-09-05,22,463.0
1856,Andrew,Schneider,73778.11,2023-03-03,50,662.0
1857,Whitney,Adams,108059.29,2018-01-07,10,453.0
1858,Tara,Jimenez,66653.94,2024-01-23,5,1168.0
1859,Jimmy,Fernandez,50236.81,2017-12-09,7,1450.0
1860,Courtney,Garcia,41134.26,2025-01-22,18,1632.0
1861,Deanna,Adams,107989.13,2023-02-05,46,1534.0
1862,Sharon,James,87813.34,2021-11-30,2,147.0
1863,Caitlin,Montgomery,110638.19,2017-09-30,6,311.0
1864,Alexandra,Wells,99109.57,2024-09-22,10,764.0
1865,Caitlin,Dennis,78042.19,2025-07-19,37,611.0
1866,Patricia,Lewis,109525.39,2017-12-11,49,1328.0
1867,Phillip,Carlson,65400.9,2018-02-20,14,174.0
1868,Nathan,Ryan,113089.28,2023-02-20,44,443.0
1869,Tracey,Holmes,91222.54,2016-11-15,27,1353.0
1870,Howard,Martin,73676.54,2018-01-24,25,325.0
1871,Brianna,Haley,82549.6,2024-06-06,19,626.0
1872,Cindy,Herrera,63142.82,2024-01-09,33,135.0
1873,Lynn,Moore,77391.65,2020-11-22,5,484.0
1874,Terrance,Cunningham,111662.51,2020-11-17,14,1710.0
1875,Samuel,Gonzalez,110829.18,2015-10-22,9,1427.0
1876,Mikayla,Matthews,75425.77,2017-08-16,10,579.0
1877,Rachael,Crawford,100581.3,2018-11-12,10,1009.0
1878,Charles,Winters,32979.47,2015-10-15,39,722.0
1879,Todd,Russell,55461.38,2021-04-22,23,534.0
1880,Sydney,Ho,32466.71,2020-08-06,14,1471.0
1881,Jason,Parrish,99168.04,2025-09-03,12,1082.0
1882,Wesley,Lewis,70109.41,2023-07-02,30,757.0
1883,Debra,Bradshaw,70526.2,2019-01-03,1,979.0
1884,Michelle,White,76130.22,2018-07-01,44,1401.0
1885,Kristopher,Ortiz,91679.85,2019-10-08,14,534.0
1886,John,Villegas,67415.7,2016-12-22,16,725.0
1887,Ian,Li,100526.55,2021-08-14,34,1652.0
1888,Emily,Hughes,73217.6,2022-08-22,3,863.0
1889,Steven,Hernandez,53533.89,2022-05-01,15,525.0
1890,Paul,Ward,87949.97,2022-03-24,14,410.0
1891,Steven,Nelson,115469.55,2024-07-31,50,883.0
1892,Ronald,Thompson,90217.31,2019-06-23,27,1753.0
1893,Danielle,Lara,36950.66,2019-12-23,49,895.0
1894,Emily,Harris,63172.11,2021-01-16,6,1373.0
1895,Ronald,Hampton,44955.34,2018-12-10,25,1534.0
1896,Lindsey,Holt,116749.99,2024-12-20,3,152.0
1897,Christopher,Wolf,42825.24,2017-05-09,40,1384.0
1898,Brett,Matthews,73157.9,2018-11-07,41,804.0
1899,William,Romero,102009.07,2016-07-01,30,635.0
1900,Diane,Harris,114638.04,2015-09-23,9,1276.0
1901,Danielle,Horne,30611.97,2024-08-11,27,904.0
1902,Samuel,Hernandez,109143.86,2022-09-01,16,1073.0
1903,Brian,Lambert,88028.5,2024-10-09,15,1145.0
1904,Nicole,Bennett,87078.81,2023-10-30,1,1439.0
1905,Tina,Bell,115577.91,2021-01-02,15,394.0
1906,Matthew,Richardson,50043.94,2022-10-10,22,453.0
1907,Monica,Robinson,51783.09,2017-08-07,8,801.0
1908,Daniel,Campbell,78065.71,2022-01-05,25,1115.0
1909,Austin,Thompson,98912.71,2021-02-03,36,963.0
1910,William,Riggs,107186.33,2025-05-07,41,569.0
1911,Kristy,Swanson,114053.23,2016-04-02,48,1508.0
1912,Jeffrey,Schmidt,44905.64,2020-02-26,14,1586.0
1913,Paul,Long,54369.85,2021-05-01,49,94.0
1914,Jacqueline,Wilkins,63151.34,2021-04-29,31,777.0
1915,Anna,Briggs,115178.98,2024-11-27,2,1615.0
1916,Andrew,Berry,34713.68,2018-09-27,47,465.0
1917,Barbara,Green,60476.69,2025-09-06,15,1192.0
1918,Terri,Arellano,83290.74,2016-06-10,47,1548.0
1919,Jade,Davis,69261.91,2025-05-28,8,398.0
1920,Linda,Sampson,52572.33,2020-01-09,15,128.0
1921,Antonio,Young,103770.23,2018-11-08,47,181.0
1922,Julie,Baker,59051.12,2024-07-18,24,1204.0
1923,Patrick,Arnold,108964.42,2018-09-18,39,4.0
1924,Joshua,Newman,108625.86,2020-09-14,12,1243.0
1925,William,Mitchell,36622.08,2019-01-03,44,1611.0
1926,Daniel,Shepard,68361.58,2016-08-24,46,1324.0
1927,Robert,Marshall,101308.64,2023-03-07,5,1574.0
1928,Timothy,Richardson,78437.55,2019-06-15,41,1424.0
1929,Jonathan,Parks,115473.45,2017-06-21,34,745.0
1930,Anthony,Chang,104046.19,2016-08-30,22,1900.0
1931,Keith,Brown,113999.48,2025-04-01,15,1404.0
1932,Kenneth,Sharp,105187.72,2017-01-31,43,47.0
1933,Sarah,Woods,40889.73,2019-04-17,35,1812.0
1934,Eileen,Anderson,99892.18,2019-08-27,29,64.0
1935,Christina,Woodard,86876.09,2016-07-31,7,512.0
1936,Corey,Soto,37321.41,2022-11-04,43,1158.0
1937,Cory,Williams,48754.67,2017-12-09,49,1554.0
1938,Jacqueline,Pennington,77652.56,2015-11-07,4,1603.0
1939,Jessica,Williams,61548.66,2025-04-06,11,927.0
1940,Shawn,Hogan,83012.54,2023-01-12,23,1027.0
1941,Roger,Johnson,63381.05,2023-06-02,46,695.0
1942,Misty,Malone,50152.34,2019-07-18,15,929.0
1943,David,Hartman,58660.4,2021-04-26,1,426.0
1944,Deborah,Ross,48319.21,2016-03-20,21,1263.0
1945,Jennifer,Woodward,62730.51,2021-07-28,44,624.0
1946,Dennis,White,51777.71,2021-02-25,21,1722.0
1947,Joshua,Ford,35419.49,2017-08-16,11,1858.0
1948,Jennifer,Evans,55390.37,2018-06-23,31,338.0
1949,Wesley,Sandoval,30099.19,2017-05-25,47,1248.0
1950,Christina,Abbott,96333.03,2024-03-05,19,1105.0
1951,Carolyn,Rose,82931.87,2017-02-17,10,516.0
1952,Jennifer,Yates,74607.02,2024-07-08,34,893.0
1953,Veronica,Baker,101771.39,2023-02-26,31,505.0
1954,Amber,Williams,45389.61,2021-03-10,44,357.0
1955,Katherine,Keller,105780.66,2021-10-24,12,1590.0
1956,Tiffany,Brock,51628.28,2025-07-16,17,458.0
1957,Ann,Carter,66604.39,2023-06-10,3,1089.0
1958,Pamela,Bailey,42332.28,2019-09-19,19,853.0
1959,Kyle,Ross,55920.81,2016-12-29,27,1175.0
1960,Stephanie,Douglas,67368.48,2025-07-08,33,341.0
1961,Megan,Sandoval,77037.58,2017-10-15,50,359.0
1962,David,Kim,105774.28,2017-12-30,50,1454.0
1963,Joseph,Cain,38642.43,2023-03-06,7,431.0
1964,Karen,Brooks,87308.17,2024-02-29,16,147.0
1965,Dean,Holland,72389.0,2018-06-28,14,212.0
1966,Karen,Ward,106258.36,2018-05-05,47,919.0
1967,Savannah,Mccann,79181.95,2020-05-09,23,651.0
1968,Kelly,Morris,89062.61,2022-10-09,37,1736.0
1969,Elizabeth,Owens,65991.47,2023-03-30,11,1172.0
1970,Dawn,Key,100905.61,2019-12-05,2,1353.0
1971,Kimberly,Bell,62511.75,2022-03-05,42,1772.0
1972,Billy,Nunez,117200.35,2018-10-18,50,1178.0
1973,Jillian,Hammond,104046.46,2015-10-03,33,740.0
1974,Joshua,Ward,66969.93,2019-04-11,13,1386.0
1975,Lisa,Stewart,62224.72,2020-02-21,18,501.0
1976,Hunter,Coleman,119797.44,2016-03-26,6,355.0
1977,Brian,Townsend,48923.05,2017-02-08,15,313.0
1978,Cynthia,Owen,77020.91,2020-09-13,14,957.0
1979,Emily,Villegas,106867.89,2023-10-28,16,711.0
1980,Laura,White,96042.54,2020-01-14,19,1960.0
1981,Tony,Reed,106917.99,2024-07-11,2,22.0
1982,Ethan,Hughes,67413.1,2024-06-19,2,874.0
1983,Thomas,Savage,53295.16,2023-12-01,46,1309.0
1984,Angela,Jones,119027.72,2017-09-09,46,1262.0
1985,James,White,67445.79,2023-08-28,34,1237.0
1986,Thomas,Smith,111587.41,2025-07-26,14,1166.0
1987,Brian,Wilson,52474.47,2022-04-08,2,1976.0
1988,Kevin,Lin,93517.35,2020-06-04,12,1976.0
1989,Caleb,Fernandez,107398.72,2020-02-03,47,1083.0
1990,Roberto,Robinson,112171.32,2023-02-17,42,971.0
1991,Christopher,Jackson,64690.83,2018-03-02,13,1751.0
1992,Danny,Kerr,77346.68,2015-10-30,41,263.0
1993,Jennifer,Gutierrez,111036.21,2024-01-02,19,1904.0
1994,Ronald,Davis,40389.98,2021-11-21,27,1696.0
1995,Amanda,Wallace,34349.69,2021-07-08,32,665.0
1996,Andrea,Brady,71467.55,2024-03-15,36,1232.0
1997,Madison,Wiggins,88236.33,2019-02-11,11,367.0
1998,Tiffany,Fleming,89157.67,2025-07-08,13,781.0
1999,Alexandria,Warren,117226.28,2020-06-29,11,1421.0
2000,Melissa,Turner,61044.64,2016-11-03,20,92.0
