order_id,employee_id,order_date,amount
1,1276,2020-11-19,8442.49
2,1250,2021-06-05,3388.65
3,1491,2021-12-21,9057.71
4,1372,2022-09-20,9547.8
5,771,2022-07-16,9582.41
6,688,2022-07-22,2313.92
7,1969,2025-05-14,576.64
8,690,2024-08-02,4762.99
9,1497,2022-10-10,5502.49
10,1433,2025-02-21,4566.17
11,1807,2022-03-29,2523.72
12,627,2021-05-28,349.22
13,276,2022-07-05,4588.53
14,1103,2025-08-22,6003.1
15,748,2022-10-31,3909.94
16,1894,2024-10-30,7771.48
17,718,2023-06-19,1040.53
18,163,2025-06-20,4518.15
19,853,2021-11-08,5564.39
20,230,2025-09-12,9225.46
21,419,2022-07-10,9418.67
22,491,2022-06-15,5751.99
23,229,2023-03-08,2577.92
24,1645,2022-11-04,5577.46
25,1063,2023-03-28,345.41
26,617,2021-03-19,4240.51
27,197,2021-10-03,7989.78
28,1741,2021-12-28,9580.33
29,1053,2023-12-01,9475.3
30,1673,2023-09-12,2023.94
31,505,2025-02-09,4882.72
32,1720,2021-07-15,9351.89
33,910,2021-04-05,4532.65
34,151,2024-09-05,7985.69
35,1295,2021-12-18,6979.39
36,347,2024-03-21,6616.1
37,463,2022-03-29,408.04
38,704,2024-05-08,6593.92
39,776,2022-11-30,4454.34
40,711,2022-02-24,951.49
41,1421,2021-05-17,9893.01
42,1171,2025-03-01,4282.09
43,1596,2023-09-25,550.22
44,30,2021-03-30,9376.32
45,170,2021-09-02,3713.89
46,1009,2022-07-16,4921.6
47,1804,2023-07-21,9324.17
48,421,2021-09-28,2742.11
49,663,2025-05-04,3604.6
50,1584,2022-12-13,9073.81
51,1811,2025-07-17,2379.94
52,693,2020-11-01,1657.67
53,526,2023-02-09,3306.11
54,966,2025-02-04,6204.74
55,990,2022-04-01,7359.4
56,649,2023-02-03,4044.34
57,1980,2022-06-15,9303.44
58,881,2023-10-11,3704.52
59,1632,2023-06-29,323.88
60,1791,2021-04-08,5335.99
61,1517,2023-03-12,715.03
62,210,2020-10-26,556.05
63,1644,2024-11-08,6263.89
64,1668,2024-12-02,6734.76
65,481,2024-09-18,7369.87
66,929,2024-12-26,7987.29
67,437,2021-06-20,5920.23
68,1272,2025-08-14,542.56
69,978,2024-11-21,4403.65
70,97,2020-10-03,3411.46
71,778,2024-08-13,3716.4
72,1673,2021-03-16,2550.48
73,1622,2022-07-30,9166.57
74,1687,2021-09-16,9901.87
75,616,2025-06-25,9962.5
76,1851,2023-03-22,8352.55
77,739,2022-07-19,7576.84
78,1276,2024-05-20,576.93
79,78,2022-08-02,3275.85
80,1776,2023-01-21,8664.4
81,341,2023-05-08,7153.36
82,1211,2025-07-29,7036.56
83,1458,2021-06-09,5468.9
84,1336,2024-02-07,7795.26
85,1755,2022-10-07,7435.16
86,1763,2023-10-07,2075.14
87,1488,2021-04-18,856.04
88,289,2024-01-16,3564.52
89,1899,2025-03-05,4543.25
90,1866,2025-04-29,555.87
91,1900,2021-03-04,6198.25
92,871,2023-04-18,4893.88
93,741,2023-03-12,2817.67
94,1835,2022-08-27,1614.34
95,1267,2021-11-28,6514.44
96,1947,2023-10-15,7192.59
97,1751,2020-10-28,4856.36
98,445,2023-05-31,1648.54
99,239,2025-05-07,6551.21
100,36,2023-03-16,8958.79
101,124,2025-01-01,940.99
102,1527,2024-05-10,4438.91
103,211,2025-05-13,2527.3
104,1518,2024-12-25,5418.35
105,826,2021-09-30,6389.06
106,1953,2021-09-11,4234.01
107,122,2022-12-05,1896.87
108,972,2023-08-29,2734.09
109,406,2024-08-14,6555.97
110,1727,2025-02-11,1819.8
111,272,2024-12-19,9061.84
112,659,2023-07-13,4861.03
113,959,2023-04-17,5982.77
114,182,2025-05-02,8503.64
115,1390,2024-07-13,608.69
116,1475,2021-03-21,7842.66
117,1795,2023-11-07,2553.56
118,24,2022-04-15,4667.4
119,1851,2022-06-14,103.92
120,1445,2023-03-06,5609.38
121,18,2025-07-14,4401.97
122,438,2023-10-25,6736.07
123,1236,2025-08-20,1340.18
124,221,2021-09-03,6832.55
125,262,2021-06-25,4184.52
126,1064,2021-06-20,6425.23
127,915,2023-11-09,1202.32
128,198,2021-06-07,9160.03
129,300,2025-08-06,8371.54
130,1086,2021-06-14,3900.14
131,1330,2025-08-21,5559.3
132,1090,2021-02-06,5261.81
133,1739,2024-10-03,5318.3
134,975,2023-02-15,1475.73
135,989,2024-03-21,9588.99
136,1537,2020-11-12,4758.31
137,833,2022-07-12,7024.3
138,101,2022-11-22,2038.81
139,95,2021-03-23,9383.59
140,471,2022-11-24,7401.84
141,241,2021-10-03,5729.14
142,1072,2022-02-12,375.32
143,1878,2024-02-05,118.85
144,179,2024-09-18,856.77
145,753,2025-01-18,4568.73
146,28,2022-06-24,6314.46
147,142,2024-11-19,9358.47
148,462,2025-09-10,4258.25
149,163,2022-12-12,9031.65
150,902,2023-11-14,1468.98
151,1652,2022-10-06,7605.21
152,789,2022-01-26,7814.84
153,416,2020-12-26,2327.06
154,52,2025-08-30,3591.19
155,1206,2023-02-23,5300.91
156,1699,2024-10-04,6871.05
157,1875,2020-11-15,4483.64
158,189,2025-08-23,4068.19
159,913,2024-01-31,2039.56
160,737,2024-08-29,8123.66
161,1181,2024-12-22,8920.45
162,1277,2022-12-19,736.77
163,1236,2022-04-06,1104.63
164,965,2024-03-09,6849.61
165,446,2025-05-05,8716.19
166,127,2024-04-12,6825.01
167,685,2024-12-19,2110.94
168,873,2022-05-18,7570.01
169,225,2021-03-18,626.97
170,1490,2024-02-06,7612.76
171,1948,2021-01-25,127.95
172,1423,2021-12-31,1589.82
173,158,2024-03-25,8963.75
174,328,2022-06-07,2659.41
175,705,2024-12-29,2713.39
176,1007,2022-09-05,9436.36
177,891,2021-02-03,3336.01
178,758,2021-10-28,8763.86
179,604,2024-12-20,5613.97
180,1033,2021-06-27,8987.72
181,157,2022-12-30,7428.21
182,1031,2022-01-30,5452.34
183,544,2022-10-20,4130.15
184,1303,2023-08-01,5504.47
185,1459,2024-03-13,4041.99
186,1245,2024-11-01,5647.33
187,1971,2023-06-06,6569.38
188,1010,2022-11-24,6911.84
189,1049,2025-08-11,8875.25
190,1924,2022-10-18,1439.4
191,1942,2025-07-04,3712.42
192,1710,2023-02-07,8002.5
193,1366,2020-10-27,765.1
194,1590,2023-11-28,503.44
195,1623,2024-09-05,8105.88
196,1450,2023-10-06,1925.1
197,400,2020-09-22,445.7
198,1126,2023-08-30,2005.64
199,1383,2021-03-14,5760.63
200,626,2021-10-14,5395.11
201,116,2023-03-09,5938.72
202,1080,2020-11-04,9043.49
203,1266,2023-10-12,1153.54
204,887,2025-05-17,7444.93
205,502,2025-06-25,4413.05
206,1947,2024-08-06,2232.04
207,502,2022-11-04,289.51
208,1676,2022-02-13,2008.55
209,241,2024-04-03,9815.92
210,294,2022-01-12,6828.53
211,868,2021-09-19,1633.13
212,1540,2021-03-02,8331.06
213,766,2022-01-05,2312.71
214,1886,2023-06-22,5592.45
215,1799,2021-05-02,5233.3
216,137,2020-10-19,3493.66
217,652,2023-03-30,7681.88
218,1381,2024-10-29,1932.15
219,1432,2023-04-29,6258.44
220,1288,2021-08-10,8512.84
221,1234,2022-06-27,677.46
222,809,2021-07-10,8909.13
223,109,2022-10-13,9358.07
224,932,2025-07-31,4429.39
225,1989,2022-08-09,3730.78
226,379,2023-10-13,9966.84
227,682,2024-05-08,4371.01
228,1801,2023-04-24,413.35
229,513,2021-07-06,3378.51
230,1602,2023-03-26,5799.09
231,1215,2022-09-09,5711.15
232,1386,2021-11-09,5693.05
233,1667,2024-04-01,611.78
234,1996,2025-07-18,2377.92
235,465,2024-12-31,3175.8
236,1217,2022-02-16,2960.37
237,262,2025-03-03,6216.71
238,910,2024-01-09,7790.0
239,934,2021-06-25,8721.37
240,1453,2023-06-19,6433.68
241,510,2025-03-04,8855.35
242,938,2021-02-20,4658.03
243,1605,2023-08-16,8686.32
244,913,2024-11-17,4061.89
245,1190,2021-11-24,6092.39
246,945,2022-01-24,2166.78
247,1217,2021-09-04,3701.3
248,1510,2024-02-20,8706.22
249,1247,2024-11-03,371.38
250,712,2023-06-30,5411.6
251,1827,2020-10-31,5377.96
252,469,2022-03-22,4921.23
253,705,2024-10-09,3177.97
254,1771,2025-07-15,227.01
255,1222,2022-07-22,1084.51
256,1803,2022-04-14,6491.54
257,110,2023-01-02,467.87
258,781,2024-03-08,8613.64
259,350,2024-04-08,5492.79
260,1970,2025-08-01,5872.4
261,481,2023-01-14,7921.11
262,1814,2023-08-22,8317.61
263,1342,2021-04-20,2023.81
264,988,2020-11-05,5893.93
265,1017,2023-11-04,6040.32
266,734,2023-01-05,4507.38
267,1571,2024-12-24,3142.51
268,219,2024-06-15,4471.59
269,51,2025-07-11,2804.34
270,1102,2023-11-29,9238.45
271,281,2025-08-20,6887.11
272,1885,2022-11-25,754.17
273,719,2023-03-06,9604.42
274,61,2023-03-09,2125.79
275,1357,2025-06-13,2746.1
276,1778,2021-01-05,2142.93
277,636,2021-07-29,9681.67
278,229,2024-04-21,1525.05
279,466,2021-03-26,4711.49
280,739,2020-10-18,8827.17
281,12,2023-07-22,1802.88
282,1783,2024-03-05,7346.76
283,1305,2024-04-27,504.54
284,1486,2024-08-08,3603.2
285,1590,2024-01-07,6810.82
286,1308,2023-02-04,8358.09
287,25,2021-01-31,3826.62
288,1923,2023-10-17,6725.4
289,1809,2022-12-20,4349.65
290,1779,2023-06-29,9448.1
291,1724,2023-04-18,1530.03
292,1963,2024-02-26,9524.11
293,160,2022-04-19,978.42
294,1793,2024-06-09,297.05
295,1917,2025-03-04,1262.01
296,782,2023-04-25,6954.13
297,1743,2024-02-12,9198.47
298,757,2023-12-05,7802.88
299,1766,2021-09-17,459.67
300,97,2023-02-15,4638.27
301,698,2025-06-09,9107.2
302,841,2025-01-06,3949.99
303,858,2025-08-01,7227.23
304,1423,2021-03-07,1783.03
305,930,2022-07-30,234.27
306,1000,2025-04-20,7358.51
307,1936,2022-01-12,7308.39
308,23,2025-07-21,7768.51
309,743,2021-12-02,2660.87
310,1779,2025-06-28,7605.58
311,47,2024-04-28,3784.86
312,989,2023-10-09,1278.58
313,1054,2025-08-05,7457.19
314,1618,2020-09-25,2161.24
315,1574,2023-06-17,6150.2
316,1772,2025-01-18,3722.56
317,1886,2021-06-01,4289.8
318,1392,2025-05-28,1599.48
319,1773,2020-10-20,1289.57
320,1195,2023-07-23,9425.26
321,1023,2023-05-11,6055.43
322,340,2024-03-22,9349.82
323,1840,2021-09-21,2361.59
324,256,2020-11-09,5082.15
325,408,2023-04-30,8067.56
326,1855,2022-07-06,4059.44
327,494,2021-08-12,374.23
328,1985,2022-09-08,5666.41
329,355,2023-05-13,2966.99
330,1367,2021-11-22,1879.6
331,1856,2025-04-24,896.45
332,1970,2025-04-16,3146.15
333,271,2023-03-03,8093.53
334,619,2025-08-08,8092.62
335,1379,2024-12-13,455.56
336,55,2022-09-08,733.93
337,1524,2023-10-12,5694.7
338,671,2023-03-13,2356.97
339,1386,2023-05-24,9713.55
340,20,2021-12-13,1703.97
341,1053,2021-07-29,2092.22
342,1638,2023-03-18,7302.77
343,582,2021-12-04,1279.92
344,1906,2025-01-09,4740.25
345,86,2022-12-04,6945.05
346,1698,2024-10-01,9510.48
347,1514,2024-11-27,5068.59
348,1882,2024-05-02,1807.24
349,1881,2023-07-03,3955.66
350,889,2024-01-13,2060.94
351,1790,2025-05-09,2143.74
352,585,2022-05-02,568.66
353,740,2024-01-17,7518.6
354,707,2021-08-09,8657.11
355,255,2024-08-11,5527.87
356,910,2021-03-05,8826.35
357,203,2021-09-30,6926.38
358,1723,2025-02-17,5521.21
359,704,2022-05-16,9475.26
360,396,2025-08-19,2393.88
361,722,2021-05-02,7346.7
362,1764,2021-08-23,8905.39
363,1021,2022-01-06,6359.08
364,1435,2025-07-26,3905.68
365,52,2023-01-23,636.47
366,1256,2023-07-19,9328.72
367,1242,2021-06-29,7997.5
368,1606,2023-08-28,8952.78
369,1879,2024-08-06,6544.78
370,1110,2020-10-08,4008.16
371,545,2021-04-22,5848.31
372,1792,2025-06-14,9222.53
373,419,2022-01-12,7934.34
374,582,2021-11-27,1415.19
375,1368,2021-04-09,1734.48
376,976,2022-07-12,1944.7
377,61,2020-09-13,3114.48
378,761,2023-01-05,3623.8
379,863,2024-11-09,5411.14
380,1494,2025-05-11,7892.74
381,708,2025-03-18,1093.05
382,1169,2025-05-05,8012.52
383,146,2022-06-29,680.26
384,84,2023-07-04,8834.92
385,1361,2022-05-17,8267.48
386,384,2022-08-01,1203.1
387,82,2025-07-05,8536.45
388,444,2020-09-12,2691.72
389,685,2022-11-09,2056.82
390,637,2021-04-01,4746.98
391,1871,2024-02-11,7589.51
392,689,2025-02-16,3843.07
393,987,2024-02-27,9764.98
394,1133,2023-12-01,2587.49
395,901,2024-09-27,8707.41
396,1379,2025-03-03,8339.65
397,288,2022-05-29,4899.73
398,1897,2021-11-07,4897.44
399,985,2021-10-11,525.07
400,1292,2021-03-16,6320.1
401,303,2022-01-20,1374.8
402,1883,2024-03-02,5465.0
403,1576,2025-09-04,2094.7
404,559,2025-08-22,266.72
405,1864,2021-03-25,2842.94
406,1674,2023-03-10,7398.42
407,1649,2021-01-22,5856.08
408,1561,2023-10-12,181.43
409,1734,2023-06-17,7758.23
410,1575,2023-09-30,1783.06
411,258,2023-02-09,4563.55
412,659,2025-06-24,3671.35
413,960,2025-01-08,2092.57
414,998,2024-04-28,9314.41
415,1403,2021-11-02,487.8
416,1845,2024-09-17,1010.85
417,1709,2021-11-14,2885.17
418,1391,2023-03-31,2046.87
419,1668,2023-03-01,106.64
420,695,2025-05-18,1107.53
421,602,2022-08-01,871.77
422,113,2022-06-15,3743.75
423,255,2020-11-28,3039.84
424,550,2025-03-18,2315.59
425,1785,2024-11-19,9355.98
426,1931,2024-12-19,211.42
427,300,2024-09-22,6776.99
428,681,2025-04-23,4406.15
429,333,2022-10-31,1872.56
430,624,2021-07-05,7924.19
431,1993,2023-04-10,512.05
432,1060,2025-03-13,3643.93
433,310,2025-01-14,3278.19
434,821,2022-04-20,146.71
435,153,2023-02-16,7856.12
436,638,2024-10-27,8863.94
437,109,2021-05-01,3991.59
438,726,2024-08-14,5263.19
439,1267,2021-08-24,9437.52
440,1157,2025-08-09,5020.71
441,1302,2022-10-20,9211.79
442,1052,2023-03-12,605.25
443,1524,2022-05-20,8147.16
444,345,2020-12-19,5300.48
445,712,2020-10-24,2534.57
446,1919,2022-08-28,7497.15
447,1999,2021-07-21,4449.56
448,837,2021-11-29,5214.61
449,1708,2023-03-28,2782.08
450,457,2023-08-13,6381.16
451,435,2021-04-17,7057.06
452,649,2023-05-12,8223.12
453,154,2025-03-11,3882.81
454,1902,2023-04-10,283.35
455,1041,2023-08-13,1442.99
456,451,2024-03-02,171.74
457,1267,2024-08-29,5041.21
458,273,2024-09-12,9769.11
459,1108,2021-08-24,6848.11
460,29,2025-06-19,6437.17
461,588,2022-02-04,3403.52
462,1497,2025-08-11,8514.47
463,437,2025-03-09,5178.4
464,746,2025-04-09,9105.73
465,1735,2021-05-29,4714.08
466,1648,2024-10-13,5930.43
467,1456,2021-12-30,504.9
468,1392,2022-05-06,8142.31
469,1681,2021-08-12,3223.77
470,773,2022-06-16,6033.54
471,1768,2021-11-20,363.26
472,1686,2022-01-10,5442.7
473,1675,2021-01-19,7026.1
474,551,2022-11-25,305.8
475,1626,2022-05-16,3815.6
476,1085,2023-11-20,3133.78
477,267,2022-07-05,3804.72
478,1284,2023-01-27,8505.61
479,1057,2021-11-23,1340.18
480,1414,2021-12-12,3477.39
481,562,2024-09-05,4886.9
482,434,2023-11-06,1343.17
483,932,2023-11-02,8962.8
484,455,2022-11-14,2241.72
485,368,2021-02-28,2871.68
486,1858,2023-07-14,2002.44
487,1513,2020-11-27,5679.34
488,1230,2024-03-05,2580.24
489,188,2025-07-26,5510.22
490,994,2025-03-01,4621.45
491,711,2023-05-04,9426.54
492,317,2021-09-13,5975.14
493,1626,2022-04-13,7744.41
494,1857,2022-04-16,9834.35
495,1857,2021-03-02,8009.98
496,1670,2022-09-03,7494.79
497,628,2022-07-22,2295.64
498,1266,2024-12-11,3141.09
499,1316,2022-03-19,269.37
500,12,2023-03-02,4646.91
501,1881,2022-01-12,8526.62
502,616,2024-01-09,7809.03
503,1622,2023-01-12,6458.64
504,1216,2024-10-04,689.99
505,354,2022-01-19,274.68
506,1848,2020-11-25,838.82
507,756,2021-06-05,8970.5
508,7,2022-02-01,2693.98
509,966,2023-11-30,441.18
510,1182,2021-01-07,769.42
511,1600,2023-11-18,768.25
512,159,2021-05-31,5800.31
513,1763,2023-10-01,3850.93
514,877,2021-04-01,3829.03
515,247,2021-10-24,7255.35
516,621,2024-07-29,4307.62
517,1259,2025-06-11,4962.5
518,1719,2021-11-04,8139.77
519,4,2024-09-02,9581.7
520,699,2023-02-04,5992.32
521,1540,2020-11-17,1991.58
522,713,2020-09-18,7123.15
523,1480,2021-10-30,9675.15
524,1676,2023-01-01,6514.78
525,767,2025-04-17,1816.86
526,1546,2020-09-12,4497.91
527,1605,2023-07-10,6156.79
528,74,2023-09-03,5050.05
529,1887,2024-07-31,4555.52
530,1462,2022-05-30,5295.02
531,61,2020-12-15,4087.46
532,2,2025-02-06,6271.83
533,1316,2023-04-13,7516.14
534,1937,2021-06-13,363.29
535,74,2021-01-17,8305.14
536,1764,2024-05-05,5520.81
537,1437,2022-11-18,5200.55
538,630,2023-06-06,5394.68
539,576,2023-12-25,2172.73
540,1381,2024-07-16,4764.84
541,1263,2024-08-25,3176.38
542,365,2022-08-09,6475.41
543,1935,2021-12-18,9978.9
544,1730,2022-10-14,4059.51
545,807,2023-12-27,3364.68
546,1113,2023-09-11,2066.57
547,33,2021-04-14,4674.62
548,247,2022-12-24,2579.78
549,1909,2021-05-12,3758.09
550,1116,2020-11-07,3814.23
551,147,2022-02-14,6299.63
552,391,2024-06-13,2290.23
553,1982,2023-04-13,1030.53
554,78,2021-11-23,2290.67
555,907,2022-07-19,6935.6
556,1179,2024-10-16,3763.5
557,955,2025-06-28,9921.57
558,415,2020-12-20,3458.54
559,1905,2024-03-06,4489.46
560,1919,2021-04-07,1546.99
561,54,2022-09-17,149.41
562,1628,2024-03-19,9723.65
563,106,2021-08-18,6109.92
564,1115,2024-01-09,2229.56
565,1389,2023-11-10,7833.04
566,1699,2020-10-30,8819.79
567,276,2022-09-10,8217.61
568,1460,2021-07-24,4135.97
569,380,2021-09-19,625.07
570,1463,2023-02-06,6045.35
571,1658,2021-10-10,7354.94
572,614,2021-08-18,8786.02
573,329,2023-12-05,9682.45
574,1560,2025-02-07,9862.8
575,1176,2023-12-13,9510.52
576,1533,2020-11-27,6472.08
577,1786,2020-09-22,7160.93
578,28,2021-01-17,5532.98
579,940,2023-10-04,7391.38
580,302,2021-04-04,8461.93
581,793,2025-09-01,782.14
582,1220,2023-06-26,5221.54
583,1789,2022-10-14,5423.04
584,173,2021-09-27,4189.66
585,1392,2021-03-31,6950.69
586,902,2021-03-07,2746.61
587,42,2022-02-04,101.08
588,950,2022-01-24,9252.81
589,325,2022-07-29,1649.24
590,437,2025-07-12,2506.1
591,907,2020-11-12,4576.62
592,339,2020-10-22,9869.3
593,1804,2023-01-22,531.21
594,33,2024-05-11,5136.65
595,217,2021-08-09,6619.83
596,100,2022-03-04,6315.5
597,640,2025-07-13,9470.6
598,1831,2025-04-02,5684.68
599,728,2022-10-22,848.24
600,1329,2021-07-03,2118.61
601,317,2024-07-11,1359.03
602,1198,2022-04-14,9373.82
603,1230,2021-04-12,6887.74
604,1413,2022-01-27,2800.52
605,971,2024-10-16,1689.45
606,939,2021-02-08,414.51
607,536,2025-08-29,4879.38
608,1359,2024-04-18,302.75
609,828,2022-10-16,468.13
610,497,2024-10-28,6739.36
611,127,2022-02-25,1613.43
612,1760,2021-12-25,1928.39
613,386,2022-12-24,3784.64
614,1002,2025-07-04,2843.49
615,227,2024-01-05,2743.96
616,278,2021-02-27,1260.72
617,626,2025-06-12,9586.64
618,1589,2022-03-24,6308.03
619,1272,2022-12-29,734.52
620,1567,2022-03-31,5853.95
621,1268,2021-01-08,6769.25
622,187,2023-08-22,3345.42
623,710,2022-02-24,1968.76
624,1570,2023-09-10,8510.07
625,959,2025-03-24,9666.45
626,291,2023-09-07,2660.37
627,1506,2025-08-09,9793.6
628,27,2024-01-11,6420.16
629,884,2025-08-17,9909.27
630,171,2023-02-14,9729.99
631,958,2024-04-21,3531.16
632,507,2024-07-29,8212.7
633,1820,2023-08-26,5914.74
634,21,2023-07-10,6578.85
635,939,2023-10-05,1649.93
636,1174,2021-03-10,1812.06
637,1468,2025-07-24,7248.76
638,50,2025-06-02,5945.66
639,1693,2021-05-20,8562.76
640,962,2024-03-14,1915.68
641,468,2021-05-13,8033.96
642,438,2023-07-03,7951.01
643,1223,2020-10-30,5512.24
644,1979,2022-08-14,881.19
645,1294,2022-08-14,5158.23
646,1190,2024-01-14,289.08
647,1806,2021-01-30,4296.4
648,197,2022-10-17,1227.93
649,1356,2023-04-17,4008.63
650,1933,2025-02-01,1543.44
651,667,2025-08-19,5767.79
652,1506,2024-04-24,4539.44
653,1654,2023-03-07,3919.41
654,335,2022-05-31,1718.15
655,1514,2024-11-06,4935.3
656,1414,2021-12-17,7984.03
657,1329,2024-11-24,4855.2
658,1927,2025-05-17,2273.74
659,508,2021-11-06,5111.88
660,1738,2023-06-15,2234.18
661,823,2023-04-17,9516.02
662,1341,2023-10-14,5250.7
663,1098,2022-04-06,6042.68
664,1494,2025-07-03,8170.44
665,479,2021-07-10,4640.63
666,1006,2021-03-31,682.88
667,662,2022-11-04,1804.78
668,1314,2020-12-07,4876.72
669,1819,2023-12-22,2121.59
670,857,2024-06-13,5249.19
671,509,2022-01-12,7516.11
672,1836,2023-10-04,8502.8
673,671,2020-10-15,7092.65
674,898,2024-07-09,6621.72
675,918,2024-02-27,3144.79
676,1842,2022-05-12,1462.96
677,812,2025-03-04,2634.02
678,337,2021-07-11,6602.39
679,498,2023-01-08,1665.74
680,1075,2024-12-19,8204.31
681,706,2023-02-05,4639.8
682,53,2020-11-23,4446.24
683,1970,2022-02-17,2775.2
684,1239,2021-03-07,8406.58
685,1636,2021-02-01,4236.34
686,797,2024-04-15,6946.83
687,20,2025-07-28,7436.41
688,1961,2022-07-15,1158.14
689,1672,2020-12-03,843.98
690,1089,2022-08-08,5087.54
691,1880,2022-03-27,8942.67
692,869,2024-02-26,1450.61
693,735,2020-12-15,779.8
694,893,2024-04-24,9267.14
695,1963,2024-11-14,8293.68
696,761,2023-07-19,2873.66
697,1571,2021-06-24,3623.51
698,1280,2020-12-15,3510.75
699,41,2023-03-23,3472.78
700,1035,2025-03-04,4328.77
701,960,2021-02-08,9201.78
702,89,2021-03-30,895.15
703,706,2025-03-16,9339.8
704,644,2020-12-03,6770.62
705,610,2021-08-17,9685.58
706,920,2022-09-04,9948.31
707,596,2024-03-03,9032.08
708,17,2022-01-30,1934.87
709,539,2025-07-02,5302.06
710,308,2022-12-28,2779.87
711,1966,2024-01-30,3724.98
712,213,2020-11-16,2846.16
713,790,2023-01-25,286.73
714,929,2022-10-26,679.3
715,1836,2022-07-28,898.4
716,1254,2025-08-24,5148.89
717,896,2025-08-03,2733.16
718,620,2025-07-13,2226.41
719,1973,2021-03-13,8359.46
720,1943,2021-04-26,2653.47
721,519,2023-09-25,4480.25
722,200,2021-08-02,5696.24
723,495,2025-06-21,7051.44
724,835,2021-02-13,2232.69
725,1793,2023-09-13,1925.85
726,1226,2024-08-18,7378.89
727,1103,2024-09-07,913.07
728,979,2021-10-05,3578.38
729,1687,2023-05-16,4528.44
730,1524,2024-11-13,1849.4
731,732,2023-07-31,7587.65
732,1331,2024-10-17,9836.37
733,1595,2024-06-13,8912.31
734,275,2022-05-28,7254.56
735,1097,2023-12-19,4420.31
736,120,2025-06-15,8377.18
737,1796,2023-07-27,3185.45
738,1336,2023-04-05,893.59
739,1353,2024-06-08,2423.65
740,383,2025-07-17,3218.29
741,546,2023-04-21,2106.58
742,1645,2024-04-18,3687.72
743,264,2024-06-17,6045.55
744,1899,2021-11-23,2856.37
745,620,2024-05-14,3430.52
746,1337,2021-03-14,4511.83
747,1814,2021-01-18,8458.83
748,1843,2020-11-16,9009.66
749,969,2021-03-12,5449.08
750,888,2022-05-29,5813.7
751,874,2023-04-25,5230.12
752,962,2022-01-31,7281.15
753,562,2021-12-30,5616.85
754,150,2025-07-28,1658.25
755,1622,2024-06-11,2648.51
756,1192,2025-04-05,3324.93
757,574,2025-07-17,1482.58
758,1206,2021-04-19,4256.02
759,1775,2024-03-05,8088.8
760,217,2024-09-17,6442.82
761,1591,2022-01-18,2102.86
762,1475,2025-04-30,8988.68
763,1596,2024-06-20,2086.68
764,993,2024-02-02,7789.63
765,811,2024-02-19,2252.29
766,1171,2020-12-07,606.81
767,1803,2025-01-22,939.71
768,76,2025-03-14,3716.43
769,1047,2024-03-09,4918.77
770,373,2021-03-25,281.65
771,1091,2024-03-16,737.72
772,1378,2024-12-01,5168.93
773,1680,2024-06-01,4431.64
774,1743,2024-02-16,4601.37
775,30,2021-06-09,5040.66
776,1177,2023-06-29,7416.02
777,1674,2025-07-15,5222.46
778,1723,2022-08-25,3471.08
779,488,2023-03-13,9809.24
780,1132,2024-01-04,5097.72
781,1633,2024-07-13,3616.92
782,342,2024-06-16,4581.21
783,1631,2023-09-20,969.5
784,170,2022-09-16,9395.25
785,112,2023-11-23,2314.26
786,1901,2025-02-05,1948.99
787,1354,2022-09-21,2999.7
788,1902,2024-06-13,5559.45
789,1419,2025-07-29,6195.25
790,735,2024-10-06,3118.52
791,492,2024-05-22,1661.53
792,383,2025-08-29,1736.26
793,916,2021-11-11,3064.89
794,1843,2023-05-08,1838.66
795,1704,2024-09-11,8564.93
796,1399,2024-10-28,7433.96
797,1572,2022-07-18,8840.73
798,111,2021-02-14,8525.53
799,43,2025-06-05,1451.94
800,1793,2025-02-05,7822.66
801,1144,2020-09-15,8903.58
802,694,2025-03-13,931.77
803,1719,2022-08-25,6181.48
804,1498,2021-03-25,4140.42
805,559,2021-01-26,1679.19
806,1071,2024-06-22,8241.56
807,1196,2025-04-16,3367.77
808,1322,2024-01-03,1524.45
809,1714,2024-07-04,1746.72
810,1207,2023-01-14,348.97
811,387,2024-10-20,7067.21
812,1602,2022-06-23,7715.55
813,115,2025-08-13,3263.07
814,499,2021-12-02,1920.97
815,361,2022-11-28,6765.77
816,716,2022-11-05,5206.24
817,146,2022-11-23,6987.74
818,755,2023-02-24,6291.17
819,941,2022-05-04,3867.32
820,181,2021-09-26,2610.78
821,1278,2021-12-26,7999.49
822,1357,2020-11-17,1213.83
823,327,2020-12-08,4929.03
824,17,2024-07-31,117.11
825,1540,2021-02-11,8735.16
826,430,2025-08-12,9166.8
827,478,2022-03-24,9095.74
828,1342,2024-11-06,2467.87
829,447,2021-04-04,4424.24
830,1233,2022-09-05,2840.09
831,1847,2024-04-23,606.42
832,355,2021-09-16,2649.73
833,13,2025-02-01,5123.56
834,843,2025-04-26,5113.91
835,378,2021-01-03,141.96
836,1496,2022-08-20,6761.29
837,1000,2022-01-04,4684.65
838,687,2022-01-27,295.86
839,723,2023-09-19,1879.13
840,1617,2023-04-15,2760.67
841,1908,2025-06-04,6544.69
842,1071,2023-07-03,7535.93
843,1792,2021-04-28,4821.67
844,317,2020-10-18,1376.42
845,1276,2023-06-30,1123.97
846,735,2025-03-05,1598.88
847,95,2024-09-27,7550.95
848,143,2022-03-27,4040.31
849,1131,2025-04-26,5415.73
850,1637,2020-11-17,2025.87
851,1110,2021-03-01,6697.38
852,815,2024-09-27,6208.63
853,1507,2021-07-13,5204.19
854,176,2022-10-04,4440.88
855,985,2022-04-07,7360.83
856,90,2022-10-02,1016.85
857,141,2022-04-13,4793.98
858,1159,2020-10-14,716.88
859,1392,2025-07-29,8877.45
860,1971,2022-06-10,6711.71
861,706,2021-06-22,4967.59
862,1160,2024-01-20,6859.37
863,1379,2023-05-29,1948.07
864,382,2025-04-06,9484.5
865,152,2021-11-27,7554.65
866,1983,2023-10-27,6856.08
867,1934,2021-10-28,9897.12
868,360,2025-08-09,5353.77
869,1894,2024-08-05,9166.16
870,138,2022-12-29,2094.41
871,820,2022-09-08,7990.31
872,872,2022-02-13,1740.02
873,350,2025-05-11,5240.68
874,1529,2024-04-21,9787.23
875,802,2021-02-03,4702.89
876,398,2022-12-10,8179.81
877,964,2022-03-03,8185.65
878,1393,2022-09-18,643.18
879,375,2022-02-21,3906.45
880,1634,2021-12-07,6827.4
881,89,2025-07-31,3655.62
882,257,2023-06-28,5083.12
883,124,2022-01-09,2746.76
884,973,2022-01-17,3423.84
885,1465,2021-04-26,1582.39
886,442,2024-01-30,7074.63
887,287,2024-07-07,3516.87
888,547,2021-02-22,2804.38
889,658,2024-12-09,1312.74
890,1275,2024-12-12,3853.32
891,833,2021-08-30,8807.49
892,399,2024-02-10,4196.69
893,648,2025-07-29,6715.1
894,569,2022-11-27,7766.33
895,1979,2024-02-21,6893.77
896,1195,2025-07-03,6236.88
897,1132,2025-02-03,2180.7
898,997,2023-02-05,1299.1
899,1958,2022-08-23,2694.59
900,348,2023-01-15,9941.16
901,74,2023-04-24,4964.62
902,1265,2021-01-02,2355.21
903,782,2022-02-21,9526.02
904,1489,2022-05-07,9396.47
905,1804,2021-07-31,5598.49
906,834,2022-06-24,2318.08
907,960,2023-03-09,886.35
908,238,2023-10-22,1470.09
909,429,2023-04-22,5405.79
910,267,2020-10-18,114.41
911,1191,2025-05-23,4259.26
912,1377,2022-07-01,6056.28
913,1539,2021-07-12,2820.34
914,1364,2023-10-16,124.89
915,1516,2021-06-17,4329.51
916,791,2023-03-11,2208.36
917,207,2023-04-04,2628.59
918,1384,2023-02-18,2331.2
919,1371,2025-04-26,5250.72
920,1850,2022-09-07,1376.58
921,68,2024-06-10,3831.88
922,32,2022-01-01,2008.52
923,468,2022-01-29,8616.57
924,1235,2024-12-14,8531.76
925,1355,2025-03-31,5797.06
926,1558,2025-04-28,4469.68
927,1364,2020-09-26,9883.53
928,1866,2022-07-01,3404.13
929,217,2022-07-12,3364.36
930,14,2023-06-24,3590.24
931,479,2020-09-16,3334.46
932,1113,2021-05-30,5147.35
933,362,2024-04-13,4122.61
934,502,2021-08-08,7183.54
935,73,2022-11-01,6223.87
936,217,2021-10-03,4621.63
937,630,2023-02-16,3073.16
938,1061,2021-05-31,9064.86
939,1501,2021-05-19,3052.3
940,1935,2021-10-22,5057.85
941,502,2025-05-19,8476.11
942,1866,2023-09-15,2954.52
943,89,2022-02-10,202.46
944,570,2023-08-04,2164.09
945,1355,2022-11-28,5757.16
946,1859,2023-08-12,6220.99
947,144,2021-01-15,6281.46
948,109,2023-11-27,4359.32
949,1608,2025-01-06,249.15
950,398,2022-05-21,8243.86
951,1155,2022-07-07,1425.99
952,776,2023-03-08,5167.19
953,966,2025-09-01,2521.67
954,239,2022-01-17,7584.77
955,18,2024-12-23,1506.14
956,1760,2020-11-23,4871.64
957,156,2021-10-18,5506.71
958,798,2022-12-13,3704.09
959,968,2024-05-13,3480.81
960,1749,2021-10-19,8630.56
961,670,2023-03-26,769.67
962,512,2024-01-28,2555.44
963,1020,2023-08-08,4355.46
964,941,2021-05-14,7341.87
965,108,2023-11-05,9018.65
966,1623,2025-05-03,418.0
967,518,2024-03-25,410.67
968,1049,2023-01-16,4962.35
969,768,2024-03-05,9149.96
970,1733,2025-03-12,9276.13
971,903,2022-01-08,7862.56
972,657,2023-03-25,918.78
973,1495,2022-08-18,8763.72
974,821,2023-05-26,4446.16
975,934,2025-06-13,8410.63
976,1015,2022-10-11,4100.3
977,271,2023-05-19,7960.58
978,320,2025-08-13,735.11
979,1659,2022-09-02,7063.43
980,1771,2022-06-10,2689.35
981,1971,2022-08-27,8196.1
982,872,2022-11-11,6481.67
983,1185,2022-01-12,1630.0
984,765,2022-01-02,5316.66
985,10,2021-11-07,1506.63
986,758,2021-10-26,6456.77
987,216,2021-04-18,5149.73
988,190,2024-09-03,8935.25
989,1040,2023-05-09,1549.38
990,791,2021-09-28,698.74
991,1942,2020-10-12,8841.57
992,77,2021-04-13,4573.72
993,1762,2024-08-06,6716.4
994,522,2021-03-06,2523.64
995,1900,2022-07-07,3151.73
996,716,2024-03-08,3619.83
997,240,2024-10-16,8607.25
998,441,2022-06-06,8082.22
999,1034,2023-05-15,8995.09
1000,1718,2025-01-15,8267.46
1001,1228,2025-02-25,5942.37
1002,653,2023-11-23,5942.08
1003,1709,2021-08-23,6458.49
1004,382,2021-08-13,5118.05
1005,868,2022-10-10,5386.53
1006,1400,2021-05-08,6564.74
1007,1343,2024-11-17,2872.61
1008,1264,2022-05-01,9356.46
1009,1948,2022-12-26,1007.09
1010,1209,2021-12-22,4584.44
1011,574,2023-02-06,5576.83
1012,1037,2025-04-01,8111.14
1013,460,2023-01-12,2252.67
1014,911,2025-07-21,913.53
1015,1753,2024-04-08,5295.19
1016,1390,2024-08-24,2679.54
1017,1585,2025-05-15,1461.35
1018,347,2025-05-26,8176.68
1019,558,2022-09-02,498.31
1020,65,2021-06-12,2103.69
1021,1977,2022-04-01,7417.34
1022,574,2022-06-13,7968.45
1023,871,2024-08-28,5819.83
1024,238,2023-08-29,916.13
1025,88,2022-01-02,8751.13
1026,1342,2023-05-26,8752.9
1027,708,2025-08-31,3941.03
1028,1573,2021-12-14,7634.92
1029,593,2021-05-13,6574.68
1030,1527,2025-02-25,2112.83
1031,1211,2022-03-01,571.13
1032,523,2021-03-20,1228.64
1033,248,2020-11-27,1230.86
1034,117,2021-06-21,6470.15
1035,1918,2025-03-14,9027.65
1036,1609,2022-08-08,4084.13
1037,1776,2024-09-05,9891.96
1038,1255,2022-07-28,3755.2
1039,503,2024-07-03,2254.2
1040,1601,2021-05-26,686.33
1041,882,2021-07-14,6642.34
1042,1414,2024-02-04,8337.88
1043,396,2025-01-02,7907.49
1044,402,2024-07-11,2636.53
1045,1731,2023-01-14,5516.33
1046,1895,2024-01-21,7926.03
1047,795,2025-01-11,9258.81
1048,688,2021-03-07,8147.24
1049,563,2022-09-01,5515.0
1050,864,2025-04-20,3492.76
1051,1040,2022-04-30,611.0
1052,846,2025-05-02,4176.58
1053,148,2024-08-13,2263.25
1054,890,2023-07-23,8463.0
1055,74,2023-01-28,5971.79
1056,1771,2021-09-14,4304.48
1057,930,2021-11-14,6452.04
1058,1697,2025-04-28,654.78
1059,1428,2024-03-12,5313.27
1060,1867,2022-04-18,5631.19
1061,855,2024-12-25,3687.82
1062,438,2024-12-31,4020.22
1063,317,2022-05-15,4043.08
1064,224,2023-07-03,4637.71
1065,787,2023-10-04,9243.81
1066,13,2023-08-24,9013.56
1067,1296,2024-05-11,4071.66
1068,1621,2021-05-17,4544.59
1069,1997,2022-04-07,1283.56
1070,723,2023-07-13,6932.51
1071,655,2024-04-16,111.76
1072,1783,2024-01-14,9431.87
1073,788,2023-12-21,2741.99
1074,961,2024-05-24,2601.08
1075,712,2024-09-23,7181.34
1076,701,2022-05-22,5179.87
1077,1806,2024-06-23,955.94
1078,1365,2023-07-21,8375.13
1079,1878,2020-11-10,3615.78
1080,1010,2023-11-22,2750.89
1081,459,2024-04-22,8015.96
1082,307,2023-01-15,8360.18
1083,31,2022-12-12,6114.9
1084,790,2021-07-06,300.82
1085,1223,2022-04-13,6894.44
1086,26,2020-12-08,203.67
1087,774,2024-12-08,5435.27
1088,1890,2023-11-24,7724.66
1089,184,2021-06-22,9375.78
1090,555,2022-08-23,7473.38
1091,245,2024-02-13,811.31
1092,1878,2024-10-09,8575.59
1093,1172,2024-04-07,8142.98
1094,912,2025-07-30,1080.14
1095,425,2024-04-10,638.76
1096,946,2024-10-25,4249.85
1097,235,2024-09-17,2552.1
1098,1136,2023-11-01,9103.87
1099,960,2025-03-29,9647.99
1100,693,2024-05-01,4729.68
1101,347,2024-01-28,474.98
1102,1999,2022-01-01,2866.51
1103,111,2024-09-26,2236.91
1104,1530,2022-07-19,7236.54
1105,558,2023-07-20,9087.5
1106,196,2023-10-23,9568.83
1107,251,2022-08-23,2212.85
1108,1259,2020-11-26,6555.21
1109,245,2025-02-21,4077.39
1110,1903,2021-10-23,1010.2
1111,252,2023-06-03,6073.99
1112,1791,2024-01-07,620.63
1113,339,2021-03-20,2668.01
1114,437,2020-11-15,2146.53
1115,1027,2021-04-29,1860.56
1116,69,2023-12-21,6640.36
1117,551,2024-02-14,9806.38
1118,1950,2021-10-11,2274.81
1119,263,2024-08-31,4302.66
1120,4,2024-08-10,9770.44
1121,241,2024-09-21,581.08
1122,1100,2024-09-30,6835.82
1123,1885,2023-01-07,4855.18
1124,874,2025-07-02,7628.64
1125,1301,2025-07-04,3632.51
1126,188,2024-01-25,7028.6
1127,1327,2023-09-10,1375.89
1128,117,2023-06-20,1169.66
1129,1204,2025-03-02,385.44
1130,225,2021-03-05,5769.85
1131,1406,2023-07-23,284.9
1132,1605,2022-07-05,4805.18
1133,1267,2022-04-21,7877.36
1134,295,2024-04-24,9742.63
1135,883,2025-04-29,9885.74
1136,87,2022-10-12,4609.91
1137,288,2021-01-15,276.98
1138,549,2022-12-27,394.49
1139,1213,2024-05-29,1674.81
1140,320,2020-12-11,116.76
1141,1811,2021-07-07,7767.09
1142,1385,2021-10-08,1369.64
1143,1945,2021-09-18,9572.37
1144,1518,2021-07-12,1247.15
1145,275,2022-08-06,6443.64
1146,705,2022-04-26,5451.88
1147,984,2022-05-15,8884.2
1148,232,2021-07-16,1357.81
1149,1586,2024-04-19,5116.6
1150,1390,2021-02-21,7642.92
1151,1721,2022-11-02,8437.95
1152,172,2025-01-30,5551.94
1153,807,2021-08-09,6241.98
1154,1210,2022-05-30,6579.02
1155,826,2022-04-18,3213.56
1156,749,2024-06-26,9278.41
1157,1966,2022-04-01,1497.23
1158,1931,2023-01-30,6384.9
1159,1112,2024-12-27,1542.49
1160,1872,2021-04-22,4669.11
1161,1850,2024-04-04,6805.11
1162,1729,2024-05-01,6608.04
1163,1708,2022-11-14,2338.31
1164,217,2021-01-18,6656.19
1165,906,2024-02-19,8402.73
1166,833,2024-05-11,856.37
1167,16,2022-10-20,6560.03
1168,517,2020-10-23,2071.76
1169,254,2024-03-07,7136.85
1170,68,2025-09-02,2852.04
1171,1122,2024-08-09,962.17
1172,1385,2025-07-01,9306.04
1173,1842,2021-04-24,2808.01
1174,389,2023-05-04,5435.93
1175,1730,2021-07-24,4838.11
1176,437,2024-06-09,380.84
1177,205,2022-09-11,6561.47
1178,839,2024-02-13,5605.7
1179,738,2021-01-03,7959.77
1180,673,2023-02-08,8163.58
1181,733,2024-02-22,8178.22
1182,651,2025-05-30,4104.88
1183,335,2020-11-03,8423.12
1184,1337,2020-12-07,3950.45
1185,246,2024-10-06,2921.9
1186,1480,2023-01-13,6868.34
1187,922,2024-08-22,7467.27
1188,481,2023-07-14,7340.45
1189,1579,2022-11-03,3646.95
1190,875,2022-02-10,4987.37
1191,800,2025-02-10,9670.51
1192,1808,2020-11-13,3427.04
1193,1677,2020-10-02,3270.16
1194,784,2025-01-10,2549.04
1195,1476,2024-11-02,1738.18
1196,41,2020-09-15,7790.9
1197,1376,2021-06-04,1921.67
1198,1232,2022-12-13,3589.44
1199,1739,2020-09-12,9071.47
1200,280,2021-10-31,5599.9
1201,519,2021-01-12,7762.1
1202,1327,2020-11-12,4045.15
1203,40,2022-05-26,6296.66
1204,1778,2021-09-12,7257.93
1205,844,2021-03-15,6909.2
1206,1219,2024-08-26,3324.51
1207,1029,2023-04-26,2736.42
1208,1460,2023-04-12,4074.73
1209,758,2024-09-11,8083.04
1210,1623,2024-02-22,1353.06
1211,548,2023-02-05,3176.34
1212,1461,2023-12-24,8069.33
1213,944,2025-04-10,9170.16
1214,1825,2021-07-19,780.35
1215,784,2022-04-17,8790.68
1216,721,2023-07-02,911.2
1217,66,2023-06-08,6623.84
1218,1030,2020-12-22,5478.57
1219,1868,2022-04-16,9345.73
1220,1896,2021-09-01,1781.73
1221,729,2023-03-31,5812.86
1222,1322,2025-03-12,5309.13
1223,1037,2024-10-04,1781.4
1224,934,2022-03-08,595.35
1225,1072,2021-09-06,3845.81
1226,554,2025-02-11,6067.44
1227,318,2025-03-14,3369.14
1228,956,2025-01-03,5664.86
1229,1633,2024-02-06,4132.28
1230,1367,2021-09-17,785.75
1231,1862,2021-01-23,1103.31
1232,1526,2023-07-04,4185.22
1233,1867,2023-04-25,3232.56
1234,1149,2023-08-03,9574.05
1235,1025,2021-08-23,382.32
1236,299,2021-10-17,4481.91
1237,969,2024-03-08,1988.73
1238,1802,2022-06-15,8510.7
1239,1260,2024-10-18,727.2
1240,1249,2022-12-01,1234.3
1241,552,2024-03-24,403.11
1242,1133,2022-10-09,3472.64
1243,966,2021-10-06,5464.45
1244,122,2020-12-12,8686.19
1245,342,2021-04-13,7235.59
1246,200,2022-01-27,3324.71
1247,1042,2023-09-19,6863.75
1248,1656,2022-05-28,684.4
1249,1952,2024-02-07,9844.54
1250,784,2021-10-19,3663.41
1251,84,2023-10-18,8033.63
1252,1619,2024-09-13,1741.63
1253,728,2021-02-09,1124.37
1254,1567,2024-06-04,3858.2
1255,1063,2023-04-12,5145.88
1256,271,2022-09-29,1606.96
1257,714,2022-12-02,6416.17
1258,970,2023-11-11,5897.85
1259,114,2022-09-23,8001.53
1260,1971,2024-08-23,8300.29
1261,1442,2024-08-01,4545.53
1262,1980,2024-11-07,2963.39
1263,607,2021-03-06,4789.79
1264,857,2024-11-06,8397.93
1265,1894,2024-02-29,3530.3
1266,1585,2023-11-21,992.37
1267,1917,2022-12-08,5076.33
1268,910,2024-07-03,9493.21
1269,1451,2021-11-13,2104.8
1270,941,2022-04-28,9866.12
1271,1417,2021-05-23,3142.59
1272,1788,2022-01-01,3803.08
1273,1392,2022-10-05,2520.61
1274,1361,2024-09-19,9834.74
1275,136,2024-08-11,6131.76
1276,258,2023-12-30,6019.34
1277,175,2025-09-06,6238.39
1278,432,2022-05-05,3304.46
1279,1401,2025-06-05,1423.13
1280,123,2024-02-28,6295.85
1281,1295,2024-04-01,6968.07
1282,1668,2021-05-09,5384.78
1283,93,2023-09-14,3462.16
1284,1806,2021-04-02,3173.48
1285,601,2025-09-06,1589.16
1286,1531,2021-09-23,9206.1
1287,133,2021-07-14,2647.04
1288,949,2021-12-05,2583.05
1289,852,2021-03-16,2643.6
1290,1459,2024-01-19,1928.08
1291,336,2022-08-04,5661.11
1292,349,2020-09-21,5840.53
1293,165,2025-06-10,3970.65
1294,1848,2025-06-04,8289.47
1295,1308,2024-02-27,3167.89
1296,768,2022-08-05,3334.38
1297,1672,2024-06-05,5974.21
1298,1205,2024-11-21,1227.5
1299,793,2023-04-08,427.99
1300,1980,2021-10-29,7420.15
1301,821,2024-12-12,3454.27
1302,1046,2023-11-12,4714.5
1303,1678,2025-02-09,9592.79
1304,1819,2025-03-03,6349.64
1305,1668,2023-06-25,9391.13
1306,57,2021-08-28,1443.4
1307,1341,2021-01-27,6694.23
1308,1542,2020-09-22,6082.33
1309,666,2025-09-11,2866.0
1310,1097,2023-04-25,3195.34
1311,916,2023-04-13,7867.48
1312,1002,2020-11-16,9603.73
1313,683,2024-11-11,9776.02
1314,1895,2025-02-18,4365.42
1315,1391,2023-12-21,8598.36
1316,399,2022-02-05,3451.21
1317,409,2022-12-20,1862.62
1318,1355,2021-06-29,2142.54
1319,393,2024-06-03,6352.76
1320,37,2024-01-14,3843.81
1321,1005,2024-02-20,1331.16
1322,212,2021-08-22,8666.98
1323,649,2025-08-30,6797.56
1324,1855,2020-10-13,362.38
1325,496,2024-07-12,5370.79
1326,349,2024-10-18,5978.98
1327,938,2022-06-16,546.73
1328,816,2023-04-19,3639.65
1329,1761,2023-10-27,7818.45
1330,914,2020-10-19,8198.05
1331,774,2021-09-26,8969.77
1332,222,2022-12-23,6070.52
1333,938,2022-06-04,7207.65
1334,239,2023-03-21,2578.98
1335,795,2022-12-14,5288.25
1336,1706,2021-04-09,3402.52
1337,1276,2024-01-02,176.17
1338,633,2021-05-13,7970.51
1339,1985,2022-01-21,9325.98
1340,1894,2023-11-04,2731.62
1341,1317,2022-06-23,6934.98
1342,1352,2023-05-31,3328.74
1343,1271,2024-11-08,4477.61
1344,1971,2021-11-05,5403.35
1345,1441,2023-07-18,6590.22
1346,1134,2025-06-16,839.48
1347,649,2023-08-08,4955.36
1348,1579,2022-02-15,7267.31
1349,631,2020-12-04,4303.17
1350,1303,2022-08-04,1494.36
1351,1139,2021-07-21,6252.46
1352,1728,2023-04-06,1930.42
1353,10,2021-12-23,646.76
1354,1378,2023-01-27,1882.75
1355,1816,2024-07-31,7639.73
1356,986,2021-06-26,5619.47
1357,1680,2021-06-30,8327.37
1358,18,2020-09-18,377.73
1359,1832,2021-02-21,2031.74
1360,562,2021-05-19,8556.58
1361,929,2024-07-05,474.33
1362,1023,2023-11-15,4440.88
1363,1115,2021-06-14,4060.77
1364,1531,2021-05-02,3417.08
1365,553,2021-02-12,3199.31
1366,510,2023-10-06,3074.69
1367,283,2025-05-09,2401.42
1368,1596,2025-08-15,7622.86
1369,1636,2021-11-04,9752.4
1370,1604,2022-12-04,5661.61
1371,242,2024-03-03,2367.2
1372,907,2021-05-18,6016.0
1373,1114,2021-01-18,2769.34
1374,1656,2023-11-04,6168.0
1375,245,2025-05-02,7622.96
1376,145,2025-06-04,7417.64
1377,1319,2022-10-23,5393.2
1378,859,2023-08-07,2718.1
1379,1936,2021-06-17,3268.51
1380,208,2022-04-02,3693.15
1381,1755,2023-03-25,6025.56
1382,541,2025-08-05,8323.62
1383,888,2022-02-04,3487.75
1384,1383,2021-12-15,7133.32
1385,1823,2023-12-16,8183.33
1386,672,2025-04-29,2071.74
1387,1943,2024-04-13,7826.6
1388,1096,2025-01-19,5795.04
1389,1870,2024-12-09,7598.76
1390,706,2021-01-04,8499.56
1391,476,2022-10-02,6999.05
1392,562,2024-01-23,6027.9
1393,114,2022-02-14,9278.26
1394,740,2023-12-08,174.6
1395,1118,2022-03-23,4850.34
1396,1899,2021-06-24,7465.92
1397,1834,2022-06-04,963.14
1398,226,2024-02-17,3617.51
1399,1579,2022-10-08,1358.6
1400,1307,2022-10-22,2017.5
1401,1214,2021-02-13,2650.28
1402,1504,2024-11-04,4951.67
1403,989,2023-11-14,1160.21
1404,1182,2023-11-15,6221.33
1405,302,2024-08-09,7649.79
1406,1900,2024-08-18,2264.67
1407,1093,2025-07-14,3225.73
1408,332,2025-05-13,833.06
1409,346,2024-11-06,3559.33
1410,598,2025-01-21,852.06
1411,151,2024-11-06,6948.16
1412,467,2021-04-08,3248.55
1413,77,2024-11-21,3326.68
1414,1596,2023-05-05,2809.94
1415,913,2022-10-05,9089.74
1416,345,2025-02-03,391.21
1417,1121,2024-10-25,271.01
1418,182,2023-01-22,5869.81
1419,1928,2023-04-21,5040.68
1420,1859,2021-08-17,2114.05
1421,300,2024-01-22,8281.54
1422,427,2023-01-11,4286.85
1423,1577,2023-08-16,7054.49
1424,479,2022-01-14,6318.02
1425,1767,2021-05-11,1277.46
1426,658,2022-02-04,1825.76
1427,1051,2022-09-13,7738.11
1428,1980,2022-04-08,2354.62
1429,815,2023-08-22,6661.78
1430,1950,2020-12-09,7334.62
1431,1262,2020-10-08,2042.37
1432,1260,2023-02-07,3897.32
1433,399,2024-07-26,6708.0
1434,760,2021-01-14,9362.96
1435,1578,2021-02-16,6870.94
1436,1579,2022-09-08,1590.33
1437,1121,2022-04-01,4146.05
1438,1224,2024-12-17,2939.85
1439,219,2024-04-13,9912.62
1440,294,2022-12-09,9814.49
1441,207,2022-10-13,3478.9
1442,1740,2022-11-29,7575.74
1443,694,2025-03-30,314.17
1444,362,2023-01-18,6536.02
1445,1246,2024-08-16,1137.16
1446,212,2022-02-22,1761.49
1447,120,2024-03-17,627.05
1448,260,2023-12-02,4475.1
1449,309,2022-01-14,9457.5
1450,1738,2021-11-25,7914.64
1451,631,2021-05-20,1908.35
1452,901,2021-02-19,1741.6
1453,1156,2024-09-26,8569.62
1454,914,2023-11-25,7787.72
1455,1741,2023-07-04,8187.3
1456,201,2025-05-17,4988.02
1457,1760,2023-12-03,940.29
1458,1422,2024-06-12,6409.63
1459,211,2025-07-25,6170.44
1460,1952,2023-11-22,3543.43
1461,30,2023-02-04,3662.36
1462,484,2024-09-08,5542.25
1463,995,2021-06-05,4947.75
1464,800,2022-03-12,9008.68
1465,891,2022-02-15,7091.74
1466,228,2022-05-18,9779.56
1467,1207,2022-04-22,7033.87
1468,804,2023-08-01,8882.6
1469,260,2023-01-07,986.89
1470,868,2022-10-25,8584.85
1471,980,2023-06-01,3945.16
1472,510,2022-01-23,6417.23
1473,1613,2024-09-05,8041.02
1474,271,2023-08-24,8256.63
1475,1233,2022-08-26,2217.95
1476,671,2023-03-18,9248.91
1477,767,2021-11-14,7752.39
1478,851,2022-06-29,1464.59
1479,1676,2021-12-17,5240.56
1480,1999,2024-04-27,6893.57
1481,876,2022-03-04,8048.67
1482,1070,2024-07-19,4956.68
1483,1944,2024-10-13,122.52
1484,136,2023-09-20,2954.91
1485,538,2021-05-13,2697.4
1486,533,2021-07-30,3444.99
1487,37,2022-02-24,6060.92
1488,374,2021-01-28,9919.79
1489,1682,2024-06-08,2700.8
1490,342,2023-04-03,8116.81
1491,461,2025-05-01,5359.81
1492,1872,2024-11-21,6299.76
1493,891,2022-09-28,9974.69
1494,1027,2021-02-16,1176.43
1495,1292,2021-12-09,1951.71
1496,350,2024-05-02,1012.03
1497,832,2025-07-13,4260.51
1498,1435,2021-12-11,9039.14
1499,174,2021-03-11,1411.09
1500,440,2021-01-12,8084.41
1501,684,2025-03-16,169.23
1502,1412,2022-01-15,1435.12
1503,782,2022-07-14,7962.37
1504,768,2023-02-20,7365.54
1505,300,2025-01-29,7793.2
1506,1701,2022-03-30,6291.26
1507,1117,2023-02-13,7617.06
1508,878,2025-03-18,8384.45
1509,1009,2023-05-22,5783.83
1510,164,2022-12-26,6725.37
1511,602,2024-01-31,828.24
1512,75,2022-02-22,1218.06
1513,33,2025-09-03,7343.11
1514,372,2021-01-17,8642.65
1515,1394,2024-05-27,3440.9
1516,236,2023-10-29,2366.71
1517,1106,2020-12-25,7372.53
1518,1562,2025-03-25,5739.62
1519,862,2021-09-24,4333.67
1520,1766,2024-04-11,2812.85
1521,440,2023-01-24,2217.16
1522,1548,2024-05-28,8314.75
1523,238,2023-06-12,320.33
1524,1697,2021-04-13,9974.87
1525,920,2025-03-23,409.39
1526,39,2022-10-28,8143.1
1527,1429,2022-02-01,2607.67
1528,1732,2024-08-05,7694.9
1529,1681,2021-11-27,5131.52
1530,1561,2022-12-24,4600.57
1531,75,2025-06-02,9197.07
1532,1376,2022-04-17,5796.11
1533,1284,2021-08-03,3985.22
1534,1455,2025-03-16,9711.91
1535,501,2020-12-02,3358.66
1536,187,2025-06-25,1978.83
1537,756,2025-07-09,9041.54
1538,1434,2021-04-21,2875.31
1539,298,2021-07-16,1519.56
1540,258,2022-07-13,7089.08
1541,1569,2025-09-06,738.15
1542,150,2023-11-08,5191.42
1543,1381,2024-01-28,2086.06
1544,1190,2023-04-08,957.43
1545,1204,2023-02-09,7737.05
1546,1318,2024-09-07,4682.79
1547,562,2020-11-24,1970.24
1548,578,2024-03-13,6896.03
1549,1981,2025-03-12,2666.03
1550,1742,2022-05-28,7983.5
1551,347,2024-02-08,2606.72
1552,989,2023-07-31,7623.69
1553,798,2024-12-22,2936.81
1554,1035,2025-01-16,5339.16
1555,1821,2020-09-12,4305.48
1556,1444,2021-03-02,343.59
1557,1462,2024-06-30,3580.93
1558,604,2024-03-22,1373.09
1559,1505,2023-08-07,220.68
1560,1249,2022-03-23,9784.03
1561,1088,2024-08-01,3265.28
1562,1614,2025-05-31,5786.25
1563,1265,2022-05-08,4474.39
1564,167,2020-09-13,6158.64
1565,776,2021-04-30,4618.11
1566,1613,2021-07-22,759.81
1567,637,2022-09-09,1055.23
1568,1112,2025-04-23,9501.27
1569,989,2022-01-02,5804.14
1570,1381,2021-11-12,5783.96
1571,340,2021-08-11,6613.69
1572,726,2024-12-18,2491.94
1573,154,2023-06-04,3711.28
1574,1160,2021-06-07,3898.03
1575,1978,2023-07-08,2907.75
1576,1703,2025-06-10,6428.06
1577,883,2025-04-25,6862.61
1578,1010,2021-09-09,5625.71
1579,1821,2025-05-07,7667.43
1580,839,2023-03-07,4405.64
1581,1191,2024-07-26,8927.22
1582,1946,2023-11-22,4979.34
1583,1332,2020-09-21,9162.76
1584,1942,2021-09-10,5063.37
1585,1348,2023-03-07,2367.72
1586,1234,2024-08-04,7060.54
1587,1040,2024-12-01,9788.55
1588,1833,2022-02-26,8271.19
1589,1370,2025-02-24,9990.29
1590,1572,2023-12-26,6645.74
1591,1409,2024-02-25,8899.19
1592,967,2021-08-16,6136.15
1593,969,2023-07-22,1747.09
1594,1438,2021-10-14,2322.07
1595,494,2023-10-29,435.21
1596,630,2024-06-05,5716.06
1597,979,2024-09-15,9113.4
1598,96,2024-01-29,6357.0
1599,1988,2024-05-06,4188.66
1600,816,2024-04-30,4682.07
1601,424,2021-04-21,5834.7
1602,495,2021-05-21,994.52
1603,1493,2022-10-11,2748.64
1604,1282,2023-02-06,8132.79
1605,118,2022-03-05,4759.2
1606,607,2023-08-21,957.09
1607,1024,2021-02-05,774.23
1608,146,2021-05-09,1797.68
1609,191,2020-10-27,5858.14
1610,182,2024-03-03,2959.49
1611,1394,2023-09-19,7721.88
1612,50,2024-07-27,967.75
1613,479,2024-10-13,6420.01
1614,1084,2021-05-25,5947.39
1615,1896,2023-06-21,6776.05
1616,1821,2021-12-09,2586.29
1617,1787,2022-01-15,9358.61
1618,977,2021-11-19,1971.77
1619,334,2022-07-04,795.52
1620,978,2023-07-05,4631.18
1621,261,2021-02-03,8635.15
1622,91,2022-11-26,387.2
1623,181,2025-03-12,164.37
1624,1451,2020-10-06,4634.7
1625,104,2021-11-25,2470.48
1626,1267,2024-01-10,3955.64
1627,604,2025-05-27,134.55
1628,1340,2025-08-04,3823.23
1629,517,2024-01-09,2262.7
1630,1525,2022-10-13,5788.45
1631,481,2022-06-23,4606.81
1632,1846,2022-09-30,3746.72
1633,1784,2025-05-12,4201.61
1634,952,2021-02-05,9634.85
1635,395,2025-09-01,7148.6
1636,915,2024-11-18,5314.65
1637,1680,2020-10-29,2294.61
1638,1923,2023-10-31,1012.6
1639,1176,2020-12-01,7397.76
1640,1440,2021-06-17,4215.92
1641,1768,2022-01-30,1605.89
1642,118,2021-06-18,641.03
1643,891,2023-05-01,1490.37
1644,1449,2021-04-09,1567.97
1645,198,2023-02-03,9236.59
1646,1066,2022-03-02,830.06
1647,347,2023-08-26,1717.3
1648,1251,2025-07-17,1854.82
1649,1974,2021-07-18,1858.17
1650,268,2022-09-20,6013.17
1651,1498,2024-07-29,6241.44
1652,1216,2021-01-09,3143.33
1653,1645,2024-08-21,9491.98
1654,1761,2021-02-10,5397.1
1655,549,2023-07-24,5417.75
1656,264,2023-04-01,4505.47
1657,239,2024-02-22,3994.42
1658,1765,2022-12-10,2103.95
1659,1654,2020-11-08,2051.74
1660,22,2025-08-20,1454.07
1661,1658,2022-01-11,4223.13
1662,1544,2023-09-27,376.56
1663,35,2023-06-24,5372.27
1664,1645,2021-09-10,7914.84
1665,1447,2025-05-24,1880.79
1666,258,2022-02-24,534.82
1667,1195,2022-12-28,3693.6
1668,1103,2024-07-21,9655.96
1669,296,2024-08-08,3164.97
1670,1027,2023-12-31,9801.64
1671,799,2024-11-21,4105.21
1672,946,2020-11-21,2996.14
1673,617,2023-11-29,7593.35
1674,1510,2023-10-01,856.2
1675,1783,2022-11-07,4196.88
1676,1201,2021-05-06,492.25
1677,1964,2022-10-01,5638.71
1678,1516,2022-08-14,5928.54
1679,585,2022-12-14,9356.88
1680,1737,2021-05-28,4215.28
1681,708,2021-08-27,8772.08
1682,512,2022-06-04,8993.18
1683,418,2021-11-30,9543.39
1684,1870,2023-06-30,5870.43
1685,441,2025-04-12,600.28
1686,1322,2025-02-19,426.76
1687,1543,2023-09-04,6713.48
1688,1791,2022-12-18,3676.04
1689,1186,2023-09-27,7979.84
1690,351,2024-07-26,9246.35
1691,1398,2020-11-10,9732.85
1692,1054,2025-04-30,7988.47
1693,152,2020-10-30,883.11
1694,380,2024-01-12,3618.03
1695,1898,2024-06-23,1161.72
1696,221,2021-03-27,7167.36
1697,495,2022-08-17,747.66
1698,432,2025-03-11,9833.22
1699,411,2022-10-27,5365.8
1700,935,2023-09-18,2789.23
1701,803,2024-02-28,625.22
1702,23,2024-06-21,1065.52
1703,1996,2025-03-17,662.13
1704,458,2024-07-14,1085.69
1705,1386,2024-10-25,6904.16
1706,184,2022-11-13,2753.59
1707,538,2023-09-11,1121.12
1708,431,2023-05-25,5586.94
1709,1691,2023-02-12,485.43
1710,1957,2021-07-22,8588.26
1711,1371,2021-07-01,5564.09
1712,1722,2021-09-12,3409.02
1713,893,2024-11-03,8521.82
1714,884,2022-10-20,8061.99
1715,1212,2021-01-15,3893.22
1716,1616,2022-02-10,8009.34
1717,445,2022-08-25,3196.79
1718,371,2021-11-09,928.33
1719,1983,2025-01-24,4058.64
1720,1388,2025-05-28,9631.49
1721,1026,2025-03-06,9100.26
1722,1976,2025-05-30,9043.45
1723,1937,2022-06-20,8466.44
1724,1827,2020-12-25,1994.6
1725,896,2024-04-20,4409.04
1726,685,2023-08-22,9642.81
1727,362,2024-11-16,7586.16
1728,35,2020-11-12,9725.48
1729,687,2023-04-23,1361.0
1730,325,2024-07-16,6221.4
1731,948,2021-04-22,3205.71
1732,511,2023-05-26,5425.24
1733,938,2024-06-29,564.55
1734,530,2021-10-02,2285.84
1735,381,2021-12-27,2747.11
1736,789,2023-12-22,5430.49
1737,1503,2024-06-21,487.91
1738,413,2025-04-07,7650.27
1739,700,2023-04-25,2990.98
1740,140,2022-02-17,4997.04
1741,1709,2021-10-12,5430.13
1742,1539,2022-10-27,3659.48
1743,1662,2022-07-05,7415.53
1744,1743,2023-01-30,1051.45
1745,497,2023-10-07,2882.03
1746,696,2021-01-27,9189.56
1747,1026,2023-06-17,5289.1
1748,769,2023-01-21,7793.04
1749,1891,2024-03-05,7461.05
1750,1763,2022-03-06,2924.38
1751,1488,2023-12-11,9446.41
1752,1730,2023-11-05,2808.01
1753,1787,2021-04-20,4602.85
1754,1383,2023-10-07,3533.8
1755,1819,2025-02-20,8473.68
1756,468,2021-09-13,6199.9
1757,786,2022-03-17,3316.44
1758,1826,2023-01-27,180.01
1759,470,2023-10-11,6168.96
1760,1543,2021-06-28,8027.5
1761,1077,2024-02-14,7258.43
1762,1571,2021-04-27,4145.91
1763,763,2022-12-13,3358.2
1764,1605,2025-03-25,1448.97
1765,1320,2024-10-06,5737.94
1766,1848,2024-03-02,2305.68
1767,607,2021-01-25,9039.26
1768,1808,2023-10-03,6540.52
1769,360,2021-12-07,9774.04
1770,1805,2022-01-27,2685.39
1771,756,2020-10-08,4169.46
1772,1894,2025-07-29,2887.23
1773,1817,2023-11-22,6212.1
1774,458,2023-03-05,5429.2
1775,777,2022-04-25,8083.46
1776,1133,2020-09-23,3963.12
1777,1156,2023-10-27,4908.42
1778,1682,2021-06-25,1974.98
1779,1338,2022-05-05,7697.69
1780,616,2025-05-18,106.47
1781,1039,2023-01-25,6016.85
1782,1098,2022-08-03,2627.89
1783,469,2021-02-24,3941.16
1784,52,2022-03-26,4725.08
1785,795,2025-05-14,922.77
1786,1460,2020-10-24,3025.7
1787,1934,2024-08-01,8280.96
1788,1725,2024-12-17,6005.17
1789,614,2024-01-11,2129.88
1790,1414,2022-09-09,2652.91
1791,527,2024-08-09,7717.04
1792,140,2024-10-28,1396.65
1793,1149,2025-04-02,1716.17
1794,1037,2024-01-23,4332.32
1795,1136,2022-10-03,901.95
1796,129,2022-02-02,968.41
1797,1139,2021-07-18,3635.33
1798,834,2025-03-14,6355.37
1799,1065,2023-08-26,8027.81
1800,1552,2022-10-28,1612.73
1801,1038,2023-06-24,8000.65
1802,1586,2022-05-03,3699.94
1803,1438,2024-03-07,2473.17
1804,1894,2023-05-18,5600.46
1805,25,2023-03-26,5423.24
1806,627,2022-06-07,6494.54
1807,868,2023-06-15,6562.07
1808,1441,2023-02-01,1544.17
1809,1460,2022-07-28,5996.19
1810,580,2023-09-10,8485.38
1811,1015,2024-01-10,4275.07
1812,932,2023-06-11,6827.29
1813,1667,2023-07-05,7455.51
1814,355,2023-07-09,2115.82
1815,595,2022-09-10,1106.8
1816,1657,2023-07-19,1369.96
1817,1225,2023-01-31,5841.79
1818,142,2025-05-28,8050.14
1819,974,2021-06-18,8816.0
1820,1917,2023-02-15,8197.04
1821,1465,2024-06-24,9766.79
1822,253,2023-01-29,815.71
1823,989,2025-02-05,9662.69
1824,1470,2021-02-09,5500.21
1825,554,2024-08-26,4220.57
1826,399,2020-09-30,234.03
1827,986,2025-01-10,7369.09
1828,1172,2021-06-30,3198.14
1829,671,2024-10-10,6800.55
1830,1266,2021-02-26,9513.01
1831,229,2021-04-28,2120.38
1832,915,2021-10-07,8254.99
1833,948,2024-08-20,5489.54
1834,1407,2022-02-14,1403.42
1835,943,2023-09-08,7966.92
1836,1777,2022-06-02,1098.61
1837,850,2022-05-14,8508.23
1838,1260,2020-11-13,7750.12
1839,1063,2022-08-03,5801.44
1840,1835,2024-06-16,2351.5
1841,66,2021-04-17,4296.76
1842,23,2024-05-30,3000.57
1843,1703,2023-02-03,2552.39
1844,294,2022-01-17,5417.8
1845,1342,2021-02-09,2108.76
1846,33,2021-08-22,6423.55
1847,1652,2023-02-14,1545.77
1848,1415,2021-10-16,9459.33
1849,1605,2021-07-26,8824.65
1850,1988,2022-04-29,4857.17
1851,1042,2021-01-28,4476.31
1852,1277,2024-10-21,7871.65
1853,1897,2021-04-22,4512.21
1854,59,2024-05-26,5680.8
1855,1522,2022-03-22,5988.58
1856,1822,2023-09-14,5641.86
1857,36,2020-12-09,7968.92
1858,1782,2023-03-01,2121.37
1859,217,2022-02-15,848.33
1860,994,2021-01-06,6335.32
1861,828,2021-06-03,1298.3
1862,507,2021-03-01,4640.44
1863,1536,2023-08-05,4609.72
1864,843,2024-06-28,2867.26
1865,1165,2023-01-14,9657.18
1866,1227,2023-11-26,5579.08
1867,1370,2022-05-28,1114.09
1868,282,2020-11-23,8235.59
1869,1864,2022-09-26,4475.98
1870,1135,2022-12-11,8328.86
1871,1806,2024-07-17,430.14
1872,1005,2023-08-16,8295.25
1873,1544,2024-12-22,7692.81
1874,604,2021-06-06,1647.28
1875,968,2021-08-12,9613.51
1876,1423,2023-05-16,4611.5
1877,2,2023-05-18,5253.23
1878,1210,2025-01-04,3648.06
1879,1039,2025-07-30,2380.08
1880,1052,2022-01-02,7059.6
1881,675,2023-04-06,7556.8
1882,1172,2020-12-18,9222.18
1883,1282,2022-01-24,969.35
1884,1085,2025-07-11,8718.45
1885,302,2024-12-31,5371.47
1886,374,2022-02-14,2243.48
1887,696,2021-03-05,8447.12
1888,954,2021-11-24,8790.93
1889,1517,2021-09-06,3834.19
1890,340,2021-03-15,6039.65
1891,1708,2024-11-07,2337.88
1892,74,2024-03-16,9370.65
1893,62,2023-02-28,782.54
1894,10,2021-01-24,7475.11
1895,1424,2025-06-01,8464.18
1896,64,2023-09-08,5653.4
1897,1171,2022-06-05,2369.36
1898,217,2024-08-16,7951.39
1899,2000,2022-10-16,8316.4
1900,407,2023-08-26,1288.27
1901,262,2025-04-03,7625.87
1902,714,2024-01-27,137.69
1903,207,2024-07-09,8044.36
1904,1360,2021-01-21,1057.9
1905,490,2022-09-29,5182.08
1906,265,2022-07-02,5549.29
1907,359,2022-01-17,4598.18
1908,733,2021-09-20,7892.77
1909,542,2025-08-01,8803.48
1910,1821,2024-01-15,7851.04
1911,635,2021-02-07,2142.25
1912,1250,2024-04-19,8914.99
1913,235,2025-05-05,1471.32
1914,294,2021-09-11,149.69
1915,1977,2022-12-14,6545.41
1916,813,2021-08-11,7487.07
1917,1173,2024-08-01,5966.27
1918,1154,2025-07-29,3373.47
1919,53,2022-08-24,8698.22
1920,191,2022-07-16,7975.81
1921,1019,2021-12-10,2399.22
1922,1377,2021-10-26,2307.51
1923,510,2021-11-02,4370.01
1924,1531,2021-12-07,353.14
1925,328,2021-12-12,891.28
1926,72,2023-02-01,977.5
1927,1544,2021-07-10,2471.36
1928,1424,2024-02-11,1838.21
1929,1642,2022-12-16,3490.25
1930,1858,2023-08-09,4350.34
1931,1863,2025-01-19,6920.23
1932,758,2021-10-08,2832.4
1933,599,2022-02-01,473.54
1934,292,2023-10-10,3238.84
1935,4,2020-10-02,1760.15
1936,99,2023-06-12,6021.71
1937,1558,2022-07-10,5502.03
1938,1341,2023-08-11,8398.24
1939,643,2021-03-17,5926.05
1940,135,2024-06-15,6894.79
1941,1612,2022-06-23,3489.16
1942,898,2024-12-16,6567.62
1943,557,2021-06-26,2527.99
1944,735,2022-04-19,6377.86
1945,1696,2022-05-01,7202.93
1946,57,2025-04-15,7356.85
1947,1844,2022-02-21,8878.34
1948,1474,2020-11-18,6669.22
1949,1202,2025-03-31,841.31
1950,1613,2024-04-04,560.15
1951,1262,2025-05-21,7825.24
1952,1848,2022-04-14,3038.12
1953,435,2025-05-04,4920.6
1954,1218,2021-04-14,717.29
1955,1659,2021-05-01,4119.49
1956,1885,2024-04-08,7936.07
1957,25,2021-02-24,6285.87
1958,1464,2024-10-05,3202.57
1959,1525,2022-07-04,7094.72
1960,866,2024-10-27,6593.97
1961,1525,2025-05-14,5734.53
1962,1346,2021-07-29,5957.49
1963,1889,2022-11-14,2913.07
1964,1174,2024-10-30,3541.85
1965,685,2023-02-05,9577.42
1966,813,2021-09-19,4259.97
1967,806,2024-08-01,2979.69
1968,623,2024-03-18,4616.48
1969,1529,2024-05-18,2013.14
1970,121,2025-01-29,7136.43
1971,129,2023-05-11,685.29
1972,1486,2023-05-10,4774.68
1973,1349,2025-05-11,2152.24
1974,101,2025-08-23,6701.47
1975,1848,2021-01-14,6792.09
1976,1703,2024-10-24,6987.71
1977,1789,2021-09-18,608.38
1978,506,2021-08-08,2667.61
1979,264,2025-06-04,2693.7
1980,491,2023-07-12,7488.63
1981,1127,2024-05-21,9341.55
1982,619,2021-08-04,6685.39
1983,1811,2021-07-29,4754.81
1984,1494,2024-05-31,7230.63
1985,998,2022-12-22,8443.88
1986,1586,2025-06-18,3679.98
1987,332,2024-08-04,2008.58
1988,1856,2022-07-02,7557.17
1989,475,2024-04-13,3079.8
1990,863,2021-08-26,2542.49
1991,207,2024-06-15,8285.61
1992,42,2022-10-03,7466.3
1993,1152,2022-10-23,1959.81
1994,1918,2023-11-02,8399.93
1995,761,2021-06-29,3076.1
1996,678,2022-10-24,5247.73
1997,1990,2021-03-04,849.63
1998,1429,2023-05-23,1139.73
1999,895,2021-09-10,4445.46
2000,1792,2022-04-03,943.51
